0,=,isExperienceEligible,years_occurrence,link
1,Python developer,False,"['nge -3-12 yrs', 'p> <p> 3+ years']",https://in.indeed.com/rc/clk?jk=04ff9674436381c4&bb=u5quTmoPIMtQF_IV8R3b5ivbnIdc5ld1af_UIs-COGlYHFSgKNUGpBIyLaA-tOz2A7nknxjghzUMSudKtttk5djjFS30-eW-crfwVHuzs6g%3D&xkcb=SoCK67M3FA0BESQHMB0LbzkdCdPP&fccid=d9b9208177142548&vjs=3
2,Python Developer,True,"['i> <li>2+ years', 'opment: 2 years']",https://in.indeed.com/rc/clk?jk=210c2be3fa6cce34&bb=u5quTmoPIMtQF_IV8R3b5g1n9fKrm7hOpxIU2pNQtLCdV19fCF0SEPxrywW0Otuof2BcUeQLZY9liBP_iYRiRW8xbrl9nBZITj5WS3Lf7UM%3D&xkcb=SoA-67M3FA0BESQHMB0KbzkdCdPP&fccid=7e96689c64c3b0b8&cmp=Ethereal-machines&ti=Python+Developer&vjs=3
3,Python Developer - Fresher,True,[],https://in.indeed.com/rc/clk?jk=f2ca23a7bb5355a3&bb=u5quTmoPIMtQF_IV8R3b5kVfHF_QWVSSfSCSkZcRlxV64t9UQLDKeNrAY0oy0pJBkIOA5FPkRE9ZM3b7ZK8-9coijKeNRrcvgblyUyzNk64%3D&xkcb=SoCj67M3FA0BESQHMB0JbzkdCdPP&fccid=522759de3c355e58&vjs=3
4,Python Full Stack Developer,True,[],https://in.indeed.com/rc/clk?jk=b9533a6d24766a83&bb=u5quTmoPIMtQF_IV8R3b5mjrXOnG7ooYl1aQMku68Otk7NLpB8kZ5KZu6t4KUWSF2P07vYjddVqiT4YWRTRJMsq6wiDHKBvHKfrJcXtAU14%3D&xkcb=SoAX67M3FA0BESQHMB0IbzkdCdPP&fccid=b13612764c1c3467&cmp=Knowledge-Sprint-Technologies&ti=Full+Stack+Developer&vjs=3
5,Junior Python Developer,True,"['li>2 to 4 years', 'l work: 2 years', 'python: 2 years']",https://in.indeed.com/rc/clk?jk=48e6b5568464a0e0&bb=u5quTmoPIMtQF_IV8R3b5qOCvsrO20Y_AoFnOdwUp62Bz4JPcdJt4iFfRQJpWVUvpFL2s0z5LFvnQZCOXJjWfgiWdoAdwdycB0PcUoHUToY%3D&xkcb=SoCZ67M3FA0BESQHMB0PbzkdCdPP&fccid=2c3cb0e50099e9fe&cmp=Utah-Tech-Labs&ti=Junior+Python+Developer&vjs=3
6,Senior Python Developer,False,"['python: 4 years', 'django: 2 years']",https://in.indeed.com/rc/clk?jk=1607600cea33e9c8&bb=u5quTmoPIMtQF_IV8R3b5l_qGeW-nUIhIaL5QvISQfLMFfuNTAglaNOC5oHEO59gNHAjCi72h28sMjuLFlVK8opRhLUV0pV2BYvfycwsUIU%3D&xkcb=SoAt67M3FA0BESQHMB0ObzkdCdPP&fccid=10c211477523e34e&cmp=Hashone-Careers&ti=Python+Developer&vjs=3
7,Python Developer (Female candidates only),False,"['l> <li>2+ years', 'python: 3 years', 'l work: 3 years']",https://in.indeed.com/rc/clk?jk=28db58656a009d7a&bb=u5quTmoPIMtQF_IV8R3b5iZH1G-5R-pnPxc2ZmsoY0KIT0OaXfa7G6b9XxFVN3195BxnhGdLv1uimyxBq9x3tTmUiVq4CSxC8B2qa7C_7r0%3D&xkcb=SoCw67M3FA0BESQHMB0NbzkdCdPP&fccid=adc6a3871841e9be&cmp=HAPPLABS-SOFTWARE-LLP&ti=Python+Developer&vjs=3
8,Python Developer,False,"[' least 3+ years', 'python: 3 years', 'l work: 3 years']",https://in.indeed.com/rc/clk?jk=4cb34b94a75d6a9b&bb=u5quTmoPIMtQF_IV8R3b5rs-Rz-u-WBUTuXG6JLf-JuVVHIH5Fnl_k46SV10_6vKEK-9uZTQw1VRhoFu2bLpjgZDGHxVv5P_eTDIi3tWqVk%3D&xkcb=SoAE67M3FA0BESQHMB0MbzkdCdPP&fccid=0e7e89826eb84cd6&cmp=Majesty-Techsol&ti=Python+Developer&vjs=3
9,Python API Developer,False,"['python: 5 years', 'l work: 5 years']",https://in.indeed.com/rc/clk?jk=2a9b95da27b81754&bb=u5quTmoPIMtQF_IV8R3b5shhMK6qXWoakjNHpH2-uX3NFZmikpIFL0WWP6EeBjVMzHgwhBQhNWdfmL12wcv5vCnXAMA7aeneU91npDpZ07E%3D&xkcb=SoDt67M3FA0BESQHMB0DbzkdCdPP&fccid=65f9a90cd0fe0b36&cmp=Cybersapients&ti=Python+Developer&vjs=3
10,Senior Python Developer,False,"['s with 5+ years', 'd have 5+ years']",https://in.indeed.com/rc/clk?jk=093f4823f0fc6849&bb=u5quTmoPIMtQF_IV8R3b5lZC1hVgjX4-3Q9XRvIoSSRw5c1q6fBq205Z-tNtOkJLrmsUwOsy8GXdzLqNFCGd_5hXbxDXQIhl9F8gOx3-dYI%3D&xkcb=SoBZ67M3FA0BESQHMB0CbzkdCdPP&fccid=38c9909c51ebc4aa&cmp=Webdura-Technologies&ti=Python+Developer&vjs=3
11,Mid level Python developer,False,"['<p><b>3-5 years', 'python: 3 years', 'l work: 3 years']",https://in.indeed.com/rc/clk?jk=64cf6890f53ef2d6&bb=u5quTmoPIMtQF_IV8R3b5tE4zig15t1lJsAV7UTjvnaLsbb-xI0t8_SzTfQPXKlbr16c4fLdlAhLSDtlRW3tq3KJSgoVzwlnGxLeauu-BCg%3D&xkcb=SoDE67M3FA0BESQHMB0BbzkdCdPP&fccid=a7bf362a6bdc7462&cmp=TTM-Technologies-Private-Limited&ti=Python+Developer&vjs=3
12,Python Senior Developer,True,[],https://in.indeed.com/rc/clk?jk=20853e13ce65a5b7&bb=u5quTmoPIMtQF_IV8R3b5vawNvfYBJ-UtGCpj6SLzWjb1ej5eRuSPAHBBbioV4ALfYc0ihM55Gztza1oTMAZ_6DlQv1L6-rBtcsMpxZSZMM%3D&xkcb=SoBw67M3FA0BESQHMB0AbzkdCdPP&fccid=c67533a523c83a4c&vjs=3
13,Python Developer,False,"['e : 3 - 7 yrs', 'l> <li>3+ years', 'python: 3 years', 'django: 2 years']",https://in.indeed.com/rc/clk?jk=c7b344a31d821f7b&bb=u5quTmoPIMtQF_IV8R3b5lrkb-wHzQQEsVf-r7QsTUPmU-ZRr8LVyxynrg8pfnHf1wxUoy-s_2ffDrzCEYnN5DlfXuCKJS_77sdaio3dPbI%3D&xkcb=SoD-67M3FA0BESQHMB0HbzkdCdPP&fccid=2e616707036710a3&cmp=Dotcod-Innovation-Private-Limited&ti=Python+Developer&vjs=3
14,Python Developer,False,['least 6-7 years'],https://in.indeed.com/rc/clk?jk=8767383d1fc62cd0&bb=u5quTmoPIMtQF_IV8R3b5hEwv0yY5wj1H0zIdV7DWa4KFW7i-XKpnnSXZB944wtJnYXFNsqvhHWNKBq7eKExX7pUFwBS0G-42wIr3ZDBHuI%3D&xkcb=SoBK67M3FA0BESQHMB0GbzkdCdPP&fccid=5b9db2ea41d6b4c1&cmp=CA--One-Tech-Cloud-Inc&ti=Python+Developer&vjs=3
15,Python Developer,False,"['minimum 3 years', 'python: 3 years', 'l work: 4 years', 'django: 3 years', 'li>aws: 2 years']",https://in.indeed.com/rc/clk?jk=2c6e3f0b916bb3e0&bb=u5quTmoPIMtQF_IV8R3b5o9Qli_VooIfoSd2XBBMByvEOfuu95TnxBXatK6HTh43ShZ53pDbuahaCAZFaSpDlDyZ80XNinRD3jl6l7we_RY%3D&xkcb=SoDX67M3FA0BESQHMB0FbzkdCdPP&fccid=8e9735a1bc656e6e&cmp=Mobile-Programming-India-Pvt-Ltd&ti=Python+Developer&vjs=3
16,Quality Analyst,False,"['ul> <li>5 years', '>qa/qc: 5 years']",https://in.indeed.com/rc/clk?jk=d1947018fabe426a&bb=XZO5RZU7iZj1fcJcI-AldUUk6eztLxzEX0EDtg7kiw9v8aGuQCLBIJ1KXKP4hRqxmyMruHZMeRkZMfQA9qRMnazyiAId9WHFUZQKRBMnWfU%3D&xkcb=SoBA67M3FA0ZVXgGEL0LbzkdCdPP&fccid=f95cdd002a3a522b&cmp=NeoLotex-Business-Solutions-Pvt-Ltd&ti=Quality+Analyst&vjs=3
17,Full Stack Developer,False,"['act.js: 2 years', 'l work: 3 years', 'i>java: 2 years']",https://in.indeed.com/rc/clk?jk=8242da197392d1c1&bb=XZO5RZU7iZj1fcJcI-AldQeIZCQ9ZYI_nqxOxgBOwfeUcAqx2swHcaUHki-3GkAehzcMsQBQjnKjFVRSh-nbVDqAL4J4EKRMEevIxlS-wJA%3D&xkcb=SoD067M3FA0ZVXgGEL0KbzkdCdPP&fccid=5197b9fa9a254e2d&cmp=Loratis-SetMyCareer&ti=Full+Stack+Developer&vjs=3
18,Senior Backend Developer,False,"['nimum 3-6 years', 'l work: 4 years', 'i>java: 4 years', 'li>oop: 4 years', 'i>apis: 4 years', 'i>sdlc: 4 years']",https://in.indeed.com/rc/clk?jk=a7d6635d5cbcea09&bb=XZO5RZU7iZj1fcJcI-AldZswlA73Fy6_jFnTWqAXSw8-CP_au_Uy6HUUzrrMTZEVwvQOCK24QKk-h7AIRO-CvqLOAV707KHluFzwdEiMBCA%3D&xkcb=SoBp67M3FA0ZVXgGEL0JbzkdCdPP&fccid=417803f4e6bfed17&cmp=Healofy&ti=Back+End+Developer&vjs=3
19,Apigee-Application Developer,False,"['minimum 3 years', 'design, 1 years', 'atform, 2 years']",https://in.indeed.com/rc/clk?jk=66a47473dc9b2fbc&bb=XZO5RZU7iZj1fcJcI-AldVP4rgAV_uR3WrwsUGCYqqNrzQeEXDdGhOMok6ijATMLyln7fZZNfcRXqDTboroxuZNji4QvUY_VYWr_Ggw1N10%3D&xkcb=SoDd67M3FA0ZVXgGEL0IbzkdCdPP&fccid=a4e4e2eaf26690c9&vjs=3
20,Senior Principal Consultant-Python Developer,True,[],https://in.indeed.com/rc/clk?jk=ab60cf6198673d22&bb=XZO5RZU7iZj1fcJcI-AldWErGySmNMupYvMRrWTXPZPvlDnOqKOPmxofJwERVNK2bw1VVI7yT7fFijMSbyGeGi4o_wr8ega5XB_CZdVq8Ac%3D&xkcb=SoBT67M3FA0ZVXgGEL0PbzkdCdPP&fccid=afe30394bfba1470&vjs=3
21,Machine Learning-Application Developer,True,['lltime 15 years'],https://in.indeed.com/rc/clk?jk=c2155041e368d175&bb=XZO5RZU7iZj1fcJcI-AldYWprX2umcpThqQb0_PrDVEgkXWk1GCwEbOI7GPiAiI093wFWkdyDF9N2QaN0UIiNdruHomx0GJfOXB5JIFbGQs%3D&xkcb=SoDn67M3FA0ZVXgGEL0ObzkdCdPP&fccid=a4e4e2eaf26690c9&vjs=3
22,C/Unix Developer,False,"['> <p>1-2+ years', 'rough 40+ years']",https://in.indeed.com/rc/clk?jk=9680db99d1113f3c&bb=XZO5RZU7iZj1fcJcI-AldeJzudaf58bOxyi0WYiLjnBCldHEI1Q3GjbNP_9Mcgxac4SUaRpHX_XdOkuvcv7UFFxxO8dJVQpnZ7PrSOfyuPA%3D&xkcb=SoB667M3FA0ZVXgGEL0NbzkdCdPP&fccid=cd22d01053af7669&vjs=3
23,Senior .Net Developer,False,"['<p>5 to 8 years', 'l work: 5 years']",https://in.indeed.com/rc/clk?jk=5a5cbdaca3d082df&bb=XZO5RZU7iZj1fcJcI-AldfIup0tlJBytEidqWRdxm-qMs4yO7NeGPAP2AREYdeFjsmiD27I-CHbpcX1NJwC0Nv6hWfQkYEy05_bmgTYpVjk%3D&xkcb=SoDO67M3FA0ZVXgGEL0MbzkdCdPP&fccid=b8ce45ae8793cec6&cmp=Princeton-IT-America&ti=Senior+.NET+Developer&vjs=3
24,Django Developer-Python/ORM//Id:efob,False,"['equired-3+years', 'ld have 3+years']",https://in.indeed.com/rc/clk?jk=0a580877e85c5fd2&bb=XZO5RZU7iZj1fcJcI-AldeJzudaf58bOKQrcSRwg6uXqy4MdrmGR_NtjBEI0eDD8FTyz11JOsclK0t5cAlOgpk1NqSniKHlgvOp2jkpfsD8%3D&xkcb=SoAn67M3FA0ZVXgGEL0DbzkdCdPP&fccid=6a4318d2d749f83b&cmp=GMWARE&ti=Python+Developer&vjs=3
25,Microsoft SQL Server-Application Developer,True,[],https://in.indeed.com/rc/clk?jk=7337d41d0f9b4b7a&bb=XZO5RZU7iZj1fcJcI-AldcZNiuSbsHmRND2AsERLWRWDIO4w2UA6d3g4BJowj4-yXL68wzbNi-ugP2hC49f7-XMQR08uLROqswCNA0wkVKg%3D&xkcb=SoCT67M3FA0ZVXgGEL0CbzkdCdPP&fccid=a4e4e2eaf26690c9&vjs=3
26,Full Stack Developer(Iot),False,"['li><b>2-8 years', 'l work: 4 years', 'li>iot: 4 years', 'ration: 4 years']",https://in.indeed.com/rc/clk?jk=ffadcd1bb68888be&bb=XZO5RZU7iZj1fcJcI-AldRfP9KOHTLNSNFhJ2V4HJ6_XEROO70iZ_Lqc7TxsZOqRdDpuWoHHcIg-4yt2KdQBL-oOoTLKtJ2--enKHwpBE5U%3D&xkcb=SoAO67M3FA0ZVXgGEL0BbzkdCdPP&fccid=dce2a856f2f6fcf8&cmp=legalwings24&ti=Full+Stack+Developer&vjs=3
27,Senior Developer,False,"['tleast 4+ years', 'l work: 4 years']",https://in.indeed.com/rc/clk?jk=47ed53eb7eb3920f&bb=XZO5RZU7iZj1fcJcI-AldckAEs0rGuzXE8yotNOUTe-jD-tSsr_jTsPKVQPJjrF7NyqwlIeLZW6sTkCV0yr97FuP-xNsWJTD809SssQ1dg0%3D&xkcb=SoC667M3FA0ZVXgGEL0AbzkdCdPP&fccid=71504adc4f20c3dd&cmp=Voldumar-Private-Limited&ti=Senior+Developer&vjs=3
28,Software Engineering Manager,False,"['e with 4+ years', 'ce and 2+ years']",https://in.indeed.com/rc/clk?jk=182e4a53e80a8510&bb=XZO5RZU7iZj1fcJcI-AldSp3ZI820Vi2GRJ7DuSG2oPqhXls7RxmbcGNkc-SVo0-hOBk8fneaLTtQbfopUx9TYh7nLDObgGAvGDaYIQopV4%3D&xkcb=SoA067M3FA0ZVXgGEL0HbzkdCdPP&fccid=936367796261bd6e&vjs=3
29,ETL Developer,False,"['- 5 to 10 years', 'l work: 5 years']",https://in.indeed.com/rc/clk?jk=66064982095e04b4&bb=XZO5RZU7iZj1fcJcI-AldXw83zs_MGp_USw1Z2E9l6TD8DGX47SFLw5rfoyTlo-dyZUBD_FLM7K4IM01tGXUrUvSf8T9c0lJuRP7lCi23hk%3D&xkcb=SoCA67M3FA0ZVXgGEL0GbzkdCdPP&fccid=636693a1354fae5c&cmp=Websar-Technologies-LLP&ti=ETL+Developer&vjs=3
30,Lead Backend Developer,False,"['d.<br/>9+ years', ' least 5+ years', 'python: 9 years', 'l work: 9 years', 'django: 9 years']",https://in.indeed.com/rc/clk?jk=997f652e0c01c3ca&bb=XZO5RZU7iZj1fcJcI-AldUJ-cbyqR5mWJHNqSCSVtutQWmEJI8IIPfes9mud4bdvIYuMadjZeGVTYAdo6fvs86a05NM4yGylGR3cIh4gCf8%3D&xkcb=SoAd67M3FA0ZVXgGEL0FbzkdCdPP&fccid=d75e25d5b33547c1&cmp=Kalibre&ti=Back+End+Developer&vjs=3
31,Software Developer,False,"['d have 3+ years', '> <li>3-5 years']",https://in.indeed.com/rc/clk?jk=829948eae18ab19e&bb=r820id3QNfmI5hRBkXczM8eW0GtmOw2QIQvz97AuDCI0NBgQU2yMAiU4-A0LjdiG6lJYvEXRsLBnfTw4SrnZ6o00uQ-WFkasvhIolW4I1Zw%3D&xkcb=SoCX67M3FA0SquwFm50LbzkdCdPP&fccid=849a996a7e062132&vjs=3
32,AI & ML ENGINEER (MID-LEVEL),True,['> <li>2-4 years'],https://in.indeed.com/rc/clk?jk=c81cff8938e6fb5d&bb=r820id3QNfmI5hRBkXczM0pp6LnmnweYYKxX8kfjOdbpv41UX6gcMMQsmKoMPQBfdMYMaB0XO7kxaDxUgUCnWvCFgVYyR83iBnx9fohMtXA%3D&xkcb=SoAj67M3FA0SquwFm50KbzkdCdPP&fccid=f83c81fa8682e87e&vjs=3
33,Sr Java AWS Developer,True,"['ce : 12 + years', '> <li>12+ years', ' work: 10 years', '>java: 10 years']",https://in.indeed.com/rc/clk?jk=956442b8b662c9e4&bb=r820id3QNfmI5hRBkXczM6M9NTYth1zwooOdAzhU1jxQvYVfbAXT8O2MvLRXeWvRO6B1uoPs8GhxmbFfvk6kNUpah69EH9COjaXu8us0p4k%3D&xkcb=SoC-67M3FA0SquwFm50JbzkdCdPP&fccid=15969fad7dcd2209&cmp=KEG-HR-SERVICES&ti=Senior+Java+Developer&vjs=3
34,Display Developer - Engineer Senior,False,"['ld and 2+ years', 'l> <li>2+ years', 'i> <li>4+ years', 'i> <li>2+ years', 'i> <li>2+ years']",https://in.indeed.com/rc/clk?jk=1df0ecb54206b38e&bb=r820id3QNfmI5hRBkXczM2PXV7StZWToawDqJltl1QyGk0FEDwjrkMrSmEiSaKMQuidAX2n7L7ZTDgv_828Jf5TtOGyWf5_4eGBfuO76EII%3D&xkcb=SoAK67M3FA0SquwFm50IbzkdCdPP&fccid=d40ebe11fc879426&vjs=3
35,Full Stack Developer,True,[],https://in.indeed.com/rc/clk?jk=b4c6c093cbf4a5cd&bb=r820id3QNfmI5hRBkXczM8uppkC6Pyiue_OyNZEvheX7JmSG1iQlaD4JfjmTaRLdpMF1UyUmVKX_GcynDZFiKc9EWnB1IjaEtR2C-ZwVZSI%3D&xkcb=SoCE67M3FA0SquwFm50PbzkdCdPP&fccid=522759de3c355e58&vjs=3
36,Full Stack Developer,True,"['v> <b>1-3 years', 'minimum 2 years']",https://in.indeed.com/rc/clk?jk=1892d879bcebc0d8&bb=r820id3QNfmI5hRBkXczM1CDEig6_0t43NzdHpzVoyS0x1fBYPyJe4hcl1lirmtCdwL0Ht7ttFOjVZ-jVsvfk0hWZz6roL3NwfDH0UEeptc%3D&xkcb=SoAw67M3FA0SquwFm50ObzkdCdPP&fccid=908cd444d13ef1c2&vjs=3
37,Data Engineering-Application Developer,False,['<br/>b: 5 years'],https://in.indeed.com/rc/clk?jk=8ca9fc8e18bed2b8&bb=r820id3QNfmI5hRBkXczMwRoEREdI5Ynl7PzWHJ2TJh8VNxBDRr3d89MK5eFYU2x_Mrp5EHcAL38wm5NCEPj4NxQRJdOaW2gObVorJ3iKqY%3D&xkcb=SoCt67M3FA0SquwFm50NbzkdCdPP&fccid=a4e4e2eaf26690c9&vjs=3
38,SOC Developer,True,[],https://in.indeed.com/rc/clk?jk=143f50a03bc0d769&bb=r820id3QNfmI5hRBkXczM6Up5hHo6zgz87CQr0eQrYGqfeC-4PU4F92eee7X6-xwdk1desleFUI4f_KmBbbREY2DEF6vG1hwiLLAV1ufu2I%3D&xkcb=SoAZ67M3FA0SquwFm50MbzkdCdPP&fccid=2d0740e02e80cf22&vjs=3
39,Snaplogic Developer,True,[],https://in.indeed.com/rc/clk?jk=0113ebc1bf55c4dc&bb=r820id3QNfmI5hRBkXczMxkn4ibGfZA2ISRmuTw3bigSQRPC-VwC9Hhs_6VhewyVCL9nSoBGg4BKyGzDgVvG20hucO4tyyXPPsGqSKXfQKw%3D&xkcb=SoDw67M3FA0SquwFm50DbzkdCdPP&fccid=146443e77d8c0778&vjs=3
40,Senior Python Tableau Developer,False,[' <br/> 5+ years'],https://in.indeed.com/rc/clk?jk=db4f4aa681eab5fb&bb=r820id3QNfmI5hRBkXczM2ehsiuaHugi_4ffG5XpJyvIACk2XgZmx2_1p4N1KlnGTm4MqV9hun208xZWp8CjHN8Pqkh0k7KJn0o_ECpR_FU%3D&xkcb=SoBE67M3FA0SquwFm50CbzkdCdPP&fccid=3868859e1c2511c6&vjs=3
41,AI Developer,True,[],https://in.indeed.com/rc/clk?jk=3d9c4f0f9d1d5c35&bb=r820id3QNfmI5hRBkXczM_d4wl-5kMSnavkshzP_pPZ1AYO_YUiFCye3-XQZID_ERMtNBb4s7sdIOAwPJrCcnvRhkedRCjo-uFHLCKTpMgc%3D&xkcb=SoDZ67M3FA0SquwFm50BbzkdCdPP&fccid=fcf4139f47bf3df7&cmp=Principle-Circle-Innovations-LLP&ti=Developer&vjs=3
42,DevOps with GoLang/Python,False,['<br/>? 4+ years'],https://in.indeed.com/rc/clk?jk=f081a07c6b27b34a&bb=r820id3QNfmI5hRBkXczM0drnxuNCEHivXhLhUTv51s7nBSZqvzHMJNvjQ15v0JiAfscW44ZoZs0j62WjiHefhu0p1YEfBtZw1HFHe4a-Mk%3D&xkcb=SoBt67M3FA0SquwFm50AbzkdCdPP&fccid=8d25321c1defe73f&vjs=3
43,Senior Engineer-DPHM Ground Software Developer,False,['imum of 5 years'],https://in.indeed.com/rc/clk?jk=40a8199ac32d7cac&bb=r820id3QNfmI5hRBkXczMyzGI7Cu4-aOhp_nYlSlUu6Zg8yxk_HtYqwwAOlu_gFpDXsnDsaG0XDlnB8Yn4AnUdYLCmtppRv_d1p5yXvpzi4%3D&xkcb=SoDj67M3FA0SquwFm50HbzkdCdPP&fccid=54fab6b8f8edafb5&vjs=3
44,Tensorflow Developer,True,['opment: 2 years'],https://in.indeed.com/rc/clk?jk=a57e3ef89e41878e&bb=r820id3QNfmI5hRBkXczM-1BRQaIgRCSP1-8s9-mZwtwqd1CJe1iqetzswnAb1ZSNZwPFH0feae7ot9TFVNiY2onJJgnsPzDQzw7qGMrCQc%3D&xkcb=SoBX67M3FA0SquwFm50GbzkdCdPP&fccid=e0994e6445693644&cmp=mosphe.&ti=Developer&vjs=3
45,Golang Python Developer,False,['i> 3 to 5 years'],https://in.indeed.com/rc/clk?jk=578a85c5cbfd9417&bb=r820id3QNfmI5hRBkXczM8eW0GtmOw2QJWjXJE8H9RTcNbW31DI7CaxSjN9vg0BkM36lWMXrNz-s8GvZStXQ9eWFONb3xf9jOwHfTSS4cU0%3D&xkcb=SoDK67M3FA0SquwFm50FbzkdCdPP&fccid=4faf342d2307e9ed&vjs=3
46,Full Stack Developer,False,"['ngular: 7 years', 'l work: 6 years', 'i>java: 7 years']",https://in.indeed.com/rc/clk?jk=e24a090e22b6454b&bb=OBS4xZknag58h_sncVxiudRcvfzTK5PcdpAu45TCayUBRhfseqTr_GsExjSgIVKS635IrrPuTW2shI62vFSks_gLVazFbYvgw-VZz8oiJmc%3D&xkcb=SoDv67M3FA0scIgMJL0LbzkdCdPP&fccid=2af3f918a6dfefbe&cmp=Techinfolabs&ti=Full+Stack+Developer&vjs=3
47,Senior Full Stack Developer,False,"['l> <li>3+ years', 'l work: 3 years']",https://in.indeed.com/rc/clk?jk=490c7dc446790bfc&bb=OBS4xZknag58h_sncVxiuXDBCCjm4P1sL2pG9jVqFiVT2SHBpyJZpnkjKLpfqQo3Oy3faPDlcJIhlUVysPQEj39iOrSVq2QiihfAxxmX-uc%3D&xkcb=SoBb67M3FA0scIgMJL0KbzkdCdPP&fccid=252a663c3d9835fd&cmp=OFS-ta-Tidal-Vape&ti=Full+Stack+Developer&vjs=3
48,Senior Software Engineer,False,"['> <li> 5+ years', 'dditional years']",https://in.indeed.com/rc/clk?jk=e8d0d3b6ad6c2669&bb=OBS4xZknag58h_sncVxiuZdwZmyep1sG4xamZzwm2PeP26SfDoC3e_qEX0zGxphP_M9rDoFZulmxJolBNxpQu2vD29fGFUxS1PHG7KRrFSg%3D&xkcb=SoDG67M3FA0scIgMJL0JbzkdCdPP&fccid=734cb5a01ee60f80&vjs=3
49,Oracle Hyperion Financial Management (HFM)-Application Developer,False,['ce of 5-6 years'],https://in.indeed.com/rc/clk?jk=31c7d41dc0917888&bb=OBS4xZknag58h_sncVxiuebS5EdOEVfkqFNFmxF3Ux1EUcJTOaO_9v1Z8oWZ2HrL1jhy94DgFgM7ki-hCLcAjQaBOJxDXmK5A9GxDjkI3dk%3D&xkcb=SoBy67M3FA0scIgMJL0IbzkdCdPP&fccid=a4e4e2eaf26690c9&vjs=3
50,Databricks Unified Data Analytics Platform-Application Developer,True,[],https://in.indeed.com/rc/clk?jk=dbe0569471f4968a&bb=OBS4xZknag58h_sncVxiuZa6Canq0et08_xOG_yDmuDPWcdmxzJhI4B1Ym69blfsXJJ1Rm-JrdA6_fTtBYZqeVqL1ywPCYyxFu_KIDdcgNI%3D&xkcb=SoD867M3FA0scIgMJL0PbzkdCdPP&fccid=a4e4e2eaf26690c9&vjs=3
51,Oracle Siebel Development-Application Developer,False,"['inimum 15 years', 'minimum 4 years']",https://in.indeed.com/rc/clk?jk=53d9af4c6ccbc68a&bb=OBS4xZknag58h_sncVxiuZOcxAdpNDyoXYwwESDWF3drYWNMiOylh851zPgUAgbXyNeq7SKtQ8s4zNtRMBIQ6Dm_oKhBQPYX4efuRN9E0a0%3D&xkcb=SoBI67M3FA0scIgMJL0ObzkdCdPP&fccid=a4e4e2eaf26690c9&vjs=3
52,Backend Developer (NodeJS/Restful API),True,[' <li> 0-2 years'],https://in.indeed.com/rc/clk?jk=65da94de6ffce4e9&bb=OBS4xZknag58h_sncVxiuUHZasbs1cbc3iztmR65NC42TcT8NR7V1LZYHT6OclV4-g6MPZ33_Py5NILQU0sXKjAjrDgq7cBbjr4tnM12tTE%3D&xkcb=SoDV67M3FA0scIgMJL0NbzkdCdPP&fccid=683f563b5cc25b70&vjs=3
53,Senior Software Engineer - Python,False,"['strong 6+ years', 'around 6+ years']",https://in.indeed.com/rc/clk?jk=e58be710d0610292&bb=OBS4xZknag58h_sncVxiueesjCUDxku1HFeGCqTql2BKDeUZD8HlFj7BdmMuot5NNsFMuD2nTom36aalpWx3kJDVpggdyZ5WZIe_HNu7gYw%3D&xkcb=SoBh67M3FA0scIgMJL0MbzkdCdPP&fccid=48338f040b64f353&vjs=3
54,Sr Principal Software Developer,False,['re than 8 years'],https://in.indeed.com/rc/clk?jk=45e8fad8df381e78&bb=OBS4xZknag58h_sncVxiuabCviRyErvh7phbzV8velyesFfQmciNkiJo9XjI0IS1arXd-YUnNP19sAtZUuDjnRyy8OGO2jMfrjueiJIIkeU%3D&xkcb=SoCI67M3FA0scIgMJL0DbzkdCdPP&fccid=cd22d01053af7669&vjs=3
55,APEX Developer,True,[],https://in.indeed.com/rc/clk?jk=a1c1535451b3d892&bb=OBS4xZknag58h_sncVxiuSH7ThUEMMyqIGCquYQRep4oWv2NTdD9AHJvEi89k-IAFdTLy4WnwxzNrZTZ0mPcSwsnz1s4qvQi60J3hriEaBI%3D&xkcb=SoA867M3FA0scIgMJL0CbzkdCdPP&fccid=cd22d01053af7669&vjs=3
56,Full Stack Developer,False,"['>mysql: 3 years', 'ngular: 3 years', 'opment: 3 years', 'ode.js: 3 years']",https://in.indeed.com/rc/clk?jk=030a0db949387604&bb=OBS4xZknag58h_sncVxiucoBHq_gPXcsAaModqPBuKPshGc-FfEedOPeOu_f7jR3whd0VnGWXROwbExv2gDNzphmPNNcj1Sq3ZxD9uLQp3U%3D&xkcb=SoCh67M3FA0scIgMJL0BbzkdCdPP&fccid=3ec2ff6a131ecec2&cmp=futurerole.inc&ti=Full+Stack+Developer&vjs=3
57,Java Developer,True,"['1 or more years', '1 or more years', '1 or more years', '1 or more years', '1 or more years', '1 or more years']",https://in.indeed.com/rc/clk?jk=82c78cefe4149f8c&bb=OBS4xZknag58h_sncVxiuRGajTAHw9Wt95P1M9zEqyvJhn48rSpx3Nu--n4PYlW9juymAT1xCS_ZE1TD4FFld6kgd8BHV6fiyt1sqgEzo70%3D&xkcb=SoAV67M3FA0scIgMJL0AbzkdCdPP&fccid=624bd10cd1364e55&cmp=Plumcot-Systems-Private-Limited&ti=Java+Developer&vjs=3
58,Backend Engineer (C#/.Net Core/ Python),False,['minimum 4 years'],https://in.indeed.com/rc/clk?jk=354b350d167fa4a5&bb=OBS4xZknag58h_sncVxiubSkBjy0or0zCrs7RtsfIG2Gcsnl3dmUEWJO6_oT8oeZTUsXrJOSFnoTkD1SUcurqYjUJ7N0WWnXw7m9aQkHTV4%3D&xkcb=SoCb67M3FA0scIgMJL0HbzkdCdPP&fccid=683f563b5cc25b70&vjs=3
59,Software Engineer,True,"['first few years', '> <li>2-5 years']",https://in.indeed.com/rc/clk?jk=c6d646b4b8e17c41&bb=OBS4xZknag58h_sncVxiuaMeGm7ttYlDVlSUu91MMWilBSqTw_L2LTOUfElUX30DKUDiv49uyjuzYWjc51qRMNRDqLKGR8no-i3aUn2T5WY%3D&xkcb=SoAv67M3FA0scIgMJL0GbzkdCdPP&fccid=ce7622b0a3f12d27&vjs=3
60,"Big Data Engineers (Airflow, Python, Spark)",True,['> <li> 2+ years'],https://in.indeed.com/rc/clk?jk=539975f57dd240de&bb=OBS4xZknag58h_sncVxiudBYYpoJY9ZUHzEBn1I9wqFiBMDLDpYpdawbzCM6PQw4rq3VIDANGMtQ2bsUTZsHhKt_2W5HIg4cfsfrniGhgrs%3D&xkcb=SoCy67M3FA0scIgMJL0FbzkdCdPP&fccid=683f563b5cc25b70&vjs=3
61,Full Stack Lead (ReactJS/NodeJS/SQL),False,"['> <li> 6+ years', 'teams, 2+ years']",https://in.indeed.com/rc/clk?jk=69844b9dff67dd65&bb=846-Gw_5SsZbqP2Yp40lQrJtV1r6gN-OMFxyHoArHdVAsQNDlhNQDCAF1R2P_EYaDH_LmFDET5uO7o5DsGliY322dYPpUqYPXlvzKsFYKNE%3D&xkcb=SoCt67M3FA0lqGQIxx0LbzkdCdPP&fccid=683f563b5cc25b70&vjs=3
62,Gen AI Developer,True,[],https://in.indeed.com/rc/clk?jk=b26cd48640051ffa&bb=846-Gw_5SsZbqP2Yp40lQsXnrEuQcu0W6wU4VnWTxZJhHIxTt4XC5y7z8zXTp3l665cYU_U6BoNNeV6-L0yZlEXNbc2IIh0PEh15D-ei-k0%3D&xkcb=SoAZ67M3FA0lqGQIxx0KbzkdCdPP&fccid=3868859e1c2511c6&vjs=3
63,Application Developer,True,[],https://in.indeed.com/rc/clk?jk=b3156652ed2d5036&bb=846-Gw_5SsZbqP2Yp40lQk9dep28VwXNhRcjoFcnBFah7KH-rNMs9nTLVH5Zhg9WRU_1A7W3Vsm293v1QjMa6SAhQrFDQkoAEhO5VqcJ7x4%3D&xkcb=SoCE67M3FA0lqGQIxx0JbzkdCdPP&fccid=d61ce76adadd1b79&vjs=3
64,1700_SPE Full Stack Developer,False,['l> <li>6+ years'],https://in.indeed.com/rc/clk?jk=1d3d597fbb8a4ca2&bb=846-Gw_5SsZbqP2Yp40lQsq2_QiIO0s7arCbqv1-nWODTEMziEBbmf-k0DYnmL4mS076N1qpzWFiM8ltv8Qf-VL9TrPXCzMoZkgZ28KkcmY%3D&xkcb=SoAw67M3FA0lqGQIxx0IbzkdCdPP&fccid=45deda0109c01fc4&vjs=3
65,Software Development Engineer in Test,True,['> <li>1-5 years'],https://in.indeed.com/rc/clk?jk=8757165111bc9904&bb=846-Gw_5SsZbqP2Yp40lQtXfqXP75IMizSBWPFj7Dy_yPw-_b0R5w8HJw3PqCAJvpions8JCtiWNsROjA_dZPO0PIWwfQ0mkJgq8q5Ym64o%3D&xkcb=SoC-67M3FA0lqGQIxx0PbzkdCdPP&fccid=d9842333df5404ce&vjs=3
66,Python Databricks Architect,False,"['<br/> 10+ years', 'inimum 3+ years']",https://in.indeed.com/rc/clk?jk=38e987033e9531a3&bb=846-Gw_5SsZbqP2Yp40lQvAh2yCMfN4YdtpSwOFB_Mk1cze8n9Szc8r6ptej1swTBty15aopf9WVFnS05Wl3TXUDSDXqxEjvhSsn5QjxDd0%3D&xkcb=SoAK67M3FA0lqGQIxx0ObzkdCdPP&fccid=146443e77d8c0778&vjs=3
67,Natural Language Processing (NLP)-AI Platform Engineer,True,[],https://in.indeed.com/rc/clk?jk=d32ffd3e11182b0c&bb=846-Gw_5SsZbqP2Yp40lQsAIehsOAtjZtIYFzLJZs3xx48Mn1vBqMIPz-0jlSKzFVFttERp4jaOFFyYIxVwzpvv5IAtelfPxqT_6HUQh1SE%3D&xkcb=SoCX67M3FA0lqGQIxx0NbzkdCdPP&fccid=a4e4e2eaf26690c9&vjs=3
68,Python Developer - Data Modeling & Machine Learning,True,['<br/>● 2+ years'],https://in.indeed.com/rc/clk?jk=375f1d1274d44a39&bb=846-Gw_5SsZbqP2Yp40lQh5paZJPwdZYBDbcb-z3koXdEl5AM5DmcHJOlGUfLEW_SYsBVaepxfuXwOy-uDVfZt8YpxWn2nG4mcEGvFvqiDY%3D&xkcb=SoAj67M3FA0lqGQIxx0MbzkdCdPP&fccid=67837e956b0ccaac&cmp=CloudWhiz-DigiTech-Global-Ventures-Pvt-Ltd&ti=Python+Developer&vjs=3
69,Software Engineer,True,[' to eight years'],https://in.indeed.com/rc/clk?jk=a38905f27499799e&bb=846-Gw_5SsZbqP2Yp40lQt5tLVaYKNI8GhjdrmZf_Ci2raGg8OgV10BJu10oj_LZGMhXFn1HC6ZfvzdhgDa1dyFX_JMbtUwoGFYFQDKHrmk%3D&xkcb=SoDK67M3FA0lqGQIxx0DbzkdCdPP&fccid=4a3a2b1eb3ec0691&vjs=3
70,"Engineer III, Software",False,['t least 8 years'],https://in.indeed.com/rc/clk?jk=636ff1448285d02b&bb=846-Gw_5SsZbqP2Yp40lQqsOXi1-8bGa5xxoFObH01jb0FQ7qQyUQlsFdQgdyyyWFppZcU-__Y-cpLNVQJQ25pnu8iQ8QrBq_6FS9EFpzSY%3D&xkcb=SoB-67M3FA0lqGQIxx0CbzkdCdPP&fccid=126e3afd205caa95&vjs=3
71,Embedded Software Developer,False,"['i>adas: 3 years', 'ftware: 5 years', ' <li>c: 4 years']",https://in.indeed.com/rc/clk?jk=e387ef61d87a51ad&bb=846-Gw_5SsZbqP2Yp40lQt4KIiqXCncPvbLqwjD-Hx0sg_HxXFwumgxE6dI7w_D-9MHBsRb9fvgg7x8O2X5MCfHHKOLiLJvUWdWRJj9wam8%3D&xkcb=SoDj67M3FA0lqGQIxx0BbzkdCdPP&fccid=4f87a5a894a6730c&cmp=Signio-GlobalTech&ti=Software+Engineer&vjs=3
72,Software Developer,False,[' five (5) years'],https://in.indeed.com/rc/clk?jk=3dd7aeac6c671edf&bb=846-Gw_5SsZbqP2Yp40lQgxMCndFpIlkZEGZ83MWd-I6mgjytftvW0XQKb2MNIDxeGuZ3QOLZ6zg10Shq5o9XAj32jn-S3Zch32mmdEI-aY%3D&xkcb=SoBX67M3FA0lqGQIxx0AbzkdCdPP&fccid=f3d94c7aa4507509&vjs=3
73,"Big Data Engineers (Airflow, Python, Spark)",True,['> <li> 2+ years'],https://in.indeed.com/rc/clk?jk=93e1d0414e14fa73&bb=846-Gw_5SsZbqP2Yp40lQoo16jYk1hcD_HLmh3T807tdOytbE6-IenwFtej4xOkOvlgRh8zUHsZttb8YDZFkkMfMgZwyXnXhq1BkTofuFRs%3D&xkcb=SoDZ67M3FA0lqGQIxx0HbzkdCdPP&fccid=cb6a64d99465ef02&vjs=3
74,DevOps Engineer ( Terraform / AWS ),False,['cally 3-7 years'],https://in.indeed.com/rc/clk?jk=bd377c72e916601b&bb=846-Gw_5SsZbqP2Yp40lQgadZ9i3bjjvwCP7mPBRM43d2XV615m4UH5hjnVpvYuYmUkx0iZsIp7-1V25qteVJg3TkC0A36kPJ9DRDxvv-o4%3D&xkcb=SoBt67M3FA0lqGQIxx0GbzkdCdPP&fccid=1b866506aec22461&vjs=3
75,Senior Backend Developer,True,['l> <li>2+ years'],https://in.indeed.com/rc/clk?jk=d26382fb30eff1b5&bb=846-Gw_5SsZbqP2Yp40lQrWB5uTZB-bJ40ZL-kOCYxFc8UL413sgETvPMcNIxfHIEjlSDwB_MIvoeh8iUZmB1jIs3AqMdUuzYz7H82v9e0E%3D&xkcb=SoDw67M3FA0lqGQIxx0FbzkdCdPP&fccid=d10207aabbbace1b&vjs=3
76,Senior Software Engineer,False,"['> <li> 5+ years', 'dditional years']",https://in.indeed.com/rc/clk?jk=e8d0d3b6ad6c2669&bb=X07mlb_gngGn3qfywMfBb0qF6xJLtsDvCKsENGOACQOimAEQemLwnaOIQdnWmxf2RuBCrxlyrsmDEN6fqIqxw5cAPbFeO8XJd_qcMn221MI%3D&xkcb=SoBV67M3FA0_h4yFq50KbzkdCdPP&fccid=734cb5a01ee60f80&vjs=3
77,Software Delivery,False,"['ence:- 6+ years', 't least 6 years', 't least 4 years', 't least 4 years', 't least 4 years', 't least 4 years', 'l work: 6 years', 'livery: 6 years', 'python: 4 years', 'ftware: 4 years', '>ci/cd: 4 years']",https://in.indeed.com/rc/clk?jk=ae5b5e6fa0c3e869&bb=X07mlb_gngGn3qfywMfBb-Qhwf6JdS3oEL7PfyNyvkoTOqTStqjO-agXJVlMMufVlw0WeRjLKFh6LzTPHV-FslTJlISKpDp-uGah4TZq9Vw%3D&xkcb=SoDI67M3FA0_h4yFq50JbzkdCdPP&fccid=97df593e9645700e&cmp=idexcel&ti=Director%2C+Software+Delivery&vjs=3
78,"Lead Data Scientist (python, AI/ML)",False,['t least 5 years'],https://in.indeed.com/rc/clk?jk=d30c8f0c090f8f5f&bb=X07mlb_gngGn3qfywMfBbwo7mtj_Uw34kHEaXiqvuXoFGwAHr5Zmo_MHZ19Jt9G1u9_I1gbk3OM9eXbrYwHChOHFt7gAbnyGz501HrzXvoQ%3D&xkcb=SoB867M3FA0_h4yFq50IbzkdCdPP&fccid=74e36d81c894b4b7&vjs=3
79,Senior Software Development Engineer - FinOps/Python,True,[],https://in.indeed.com/rc/clk?jk=81d082e846db6591&bb=X07mlb_gngGn3qfywMfBb_xeakQro2UqpaCH6NeHMEPPMUcJ52gPGTkttwo679AqUz6_ZFJROLwcgiNhqvgFtP1XQh_G5b9jCF3fR_0KNUw%3D&xkcb=SoDy67M3FA0_h4yFq50PbzkdCdPP&fccid=de71a49b535e21cb&vjs=3
80,Quality Engineering - Integration Tester - API Testing - Senior Associate,False,['> <li>4-6 years'],https://in.indeed.com/rc/clk?jk=dcc55f39c1c184c3&bb=X07mlb_gngGn3qfywMfBb2W7fw_z2AdkZNcplNXPcE6l3eMojHHpRpaCSf2eAXko8Bhnhz0u9NjlOtG8u-i41BinG6vqle2slnXQA4xH6sA%3D&xkcb=SoBG67M3FA0_h4yFq50ObzkdCdPP&fccid=5e964c4afc56b180&vjs=3
81,Senior Software Engineer - ROR,False,"[' with 4-8 years', 't least 3 years']",https://in.indeed.com/rc/clk?jk=3921a8fd729d11d4&bb=X07mlb_gngGn3qfywMfBb1wAJOJ1uqej-wOGmIytiFvnGb7K_OHxF9dCy7w_CVGrALu_OsuaymIzrzLsMpTcwJDUmzGpHCcM44kZAzHu_Jc%3D&xkcb=SoBv67M3FA0_h4yFq50MbzkdCdPP&fccid=3cc82e28c6738024&vjs=3
82,AI/ML Engineer,True,[],https://in.indeed.com/rc/clk?jk=ea7a2af4e414d4b1&bb=X07mlb_gngGn3qfywMfBbz8OoN3BVypK14_4KMLbewC5hsdcdUhNWpINzYsm4wpTGOi3V2mFgTOmzEYXmNidGcxJZ9-NXlQiKVlxUtNjwBU%3D&xkcb=SoAy67M3FA0_h4yFq50CbzkdCdPP&fccid=47fd41a4f69ba37e&cmp=Upadpro-Software-%2526-Services-Pvt-Ltd&ti=Engineer&vjs=3
83,ML Applications Sr.Lead Engineer,False,"['ld and 3+ years', 'ld and 2+ years', 'l> <li>2+ years', '<li>6 – 8 years']",https://in.indeed.com/rc/clk?jk=14bf5ac9f8f1dcbe&bb=X07mlb_gngGn3qfywMfBb2Bq_dwLwWeON7FZEb-hQoyXyAqClElpoSd_s03IDHKo5Sg0adbRKRiddDmCvA-z4zeqV9Ipn0yfZX0lT14yTaY%3D&xkcb=SoCv67M3FA0_h4yFq50BbzkdCdPP&fccid=d40ebe11fc879426&vjs=3
84,Client delivery consultant,False,"['ce- </b>3 years', ' with 3-4 years', 'l work: 3 years']",https://in.indeed.com/rc/clk?jk=59831b127fcfd1c6&bb=X07mlb_gngGn3qfywMfBb3ARaEKeioTenBeZSlvX4bIA8OR1zOU6zwzCuMsbDEA8EgdiY_KbfFh-canraDDPu0CkHwmo86GBCfAVedmUwe4%3D&xkcb=SoAb67M3FA0_h4yFq50AbzkdCdPP&fccid=ff9b5814e219cbe4&cmp=Emplay-Inc&ti=Delivery+Consultant&vjs=3
85,Python Developer_Bangalore Full-Time,False,"['b> <p>2.0 yrs', 'yrs - 5.0 yrs']",https://in.indeed.com/rc/clk?jk=923e8cf6292f9a1a&bb=X07mlb_gngGn3qfywMfBbxszWNAExadHd7tk_VBzXMIsW7WvQFUPOKdcv8wHZ5VTt02Fb75fPIqEgQSfnCBBA_iIEZU-nrTgXbwLYaw2XDk%3D&xkcb=SoCV67M3FA0_h4yFq50HbzkdCdPP&fccid=44214466d79246f8&vjs=3
86,Software Developer 4 - Principal Cloud Engineer,False,"['l area. 7 years', 'i> <li>5+ years']",https://in.indeed.com/rc/clk?jk=11b45350677798e7&bb=X07mlb_gngGn3qfywMfBb1uwTIpfJ0cHOeaM3TSGdmPmal6ocWjj9iZhyucMmw-uU6Uu7QcHD87Zpgs3VPc_hJP8jiarGUlaM3kBocMWuMY%3D&xkcb=SoAh67M3FA0_h4yFq50GbzkdCdPP&fccid=cd22d01053af7669&vjs=3
87,Lead Full Stack Engineer,True,[],https://in.indeed.com/rc/clk?jk=d77f7940cebf0271&bb=X07mlb_gngGn3qfywMfBb59hMFk7le9XqEhlh66ARMF0yVOkfInot_McScdsQ3iRm1Y4uvf4k3ILKLiyBhBeGkjrQ1WYADYy6qJTpSJMijI%3D&xkcb=SoC867M3FA0_h4yFq50FbzkdCdPP&fccid=18a767da5af06fb4&cmp=Founding-Ventures&ti=Full+Stack+Developer&vjs=3
88,"Senior Software Engineer, Cloud Backend, India",False,"['> <li> 6+ years', '> <li> 6+ years', 't least 4 years']",https://in.indeed.com/rc/clk?jk=105d57efcced101c&bb=X07mlb_gngGn3qfywMfBb1n3y-gxwSMcatcgQY049iHeV5epCXYqQ_pjrMTbmJTKQhitXLth9m-mJ4tFj9mS7mEpYZYjdzz9msEpIu8EfRg%3D&xkcb=SoAI67M3FA0_h4yFq50EbzkdCdPP&fccid=32674c983a7ebfb9&vjs=3
89,Senior Software Developer - Automation & Platforms,False,['imum of 3 years'],https://in.indeed.com/rc/clk?jk=1930d7a3d6059b58&bb=X07mlb_gngGn3qfywMfBbyJbJ8tswFagvbQ21BStHNfsiB4lLFL68ujvL39hBrEmA_eF3t51_IdyVBjD9J6JaA2peNYCBJVFNcjP-QETL_U%3D&xkcb=SoAv67M3FA0_h4yFq50bbzkdCdPP&fccid=6448b8d3f449169b&vjs=3
90,Python /C++ Developer,False,"['<p>3 plus years', '</p> <p>2 years', '</p> <p>2 years', 'eloper: 3 years']",https://in.indeed.com/rc/clk?jk=2558adafd67c12bc&bb=X07mlb_gngGn3qfywMfBbwogXe5vWuimpNjiVW9YqJQU-4oI5bx9gFiAFT15wdHxfeDKzrdeT7QGgxtblJLfzhyFsevpLs29lPiH9rijy_c%3D&xkcb=SoCb67M3FA0_h4yFq50abzkdCdPP&fccid=971ff49082caa6b3&cmp=Binary-Infoways&ti=C%2B%2B+Developer&vjs=3
91,Developer Conversion,False,['> <li> 3+ years'],https://in.indeed.com/rc/clk?jk=bc91585377e7d44f&bb=84m6c2pzeF2QmIvaGGvqllyyRhrzpD-rHao7gjJq1Q2sBHzQ7dBtAxSRpcKm6L6OKaAPjKm9z7VW88TIA1ypy9NsVvOnx3Fde0HtIt4nHCI%3D&xkcb=SoDO67M3FA06GkQsRB0LbzkdCdPP&fccid=796b5a2c2fc5984d&vjs=3
92,Python/Django Developer,False,"['<li><b>3+ years', 'python: 3 years', 'l work: 3 years']",https://in.indeed.com/rc/clk?jk=5bd70e451270cf4b&bb=84m6c2pzeF2QmIvaGGvqltrf4WF7JmorpEe46PNIrM1xSN5IiBGRhcVduoWXXfODXwbyHq9RA2OBEYPbId6JRx6dJ7RhMWv1NcismUO8aMo%3D&xkcb=SoB667M3FA06GkQsRB0KbzkdCdPP&fccid=1fd1b58af3c51aba&cmp=Vaanee-AI&ti=Python+Developer&vjs=3
93,Software QA Validation Engineer,True,[],https://in.indeed.com/rc/clk?jk=db3644de5c395018&bb=84m6c2pzeF2QmIvaGGvqllNOtJYTI9c5ZNlMwQAVL39FGMXpdIMO2hz1ebDNZmVj0Km6NreTwH4u_iTiZv5HtLAHnZaIdHDaWRwjHKeNJG0%3D&xkcb=SoDn67M3FA06GkQsRB0JbzkdCdPP&fccid=936367796261bd6e&vjs=3
94,Member of Technical Staff - Python Automation,False,"['s with 3+ years', 'i> <li>3+ years']",https://in.indeed.com/rc/clk?jk=c6909f0d6afa0d85&bb=84m6c2pzeF2QmIvaGGvqlhCV35g5EFAycbaZr_-1X4rCfN0kNn4F5m_8JzOB3cmkDFPESBg_Zt4KgDt8hw5N86P2KYJz-XQ8EE1dacFT5A8%3D&xkcb=SoBT67M3FA06GkQsRB0IbzkdCdPP&fccid=dd7de5cf522ca5fc&vjs=3
95,Experienced ESW Application Engineer,False,['> <li>4-6 years'],https://in.indeed.com/rc/clk?jk=b3963b7c01711d38&bb=84m6c2pzeF2QmIvaGGvqliXsTkcX-3VKjsh-jV2UHAYGFCkSgZJ6ZNrXtWhQBMy8XsXyFQsyKCiKjoTNvTrk0Y9YtddwIVX3PeIFw8RFS9A%3D&xkcb=SoDd67M3FA06GkQsRB0PbzkdCdPP&fccid=0f63e537c80f169b&vjs=3
96,Python Developer(6-12 months Contract),False,"['</b>- 3-5 years', ' least 3+ years']",https://in.indeed.com/rc/clk?jk=bc603cd6c0243b17&bb=84m6c2pzeF2QmIvaGGvqlqWV9ImaD7hOfVUvISL933SZyaAwDOkfw0ZZRa1R8C1Z2GH-4dLgGAQ2C5w9xhpcXMwFFlPv2Z7-_SitzPVi2NE%3D&xkcb=SoBp67M3FA06GkQsRB0ObzkdCdPP&fccid=3e093dcca6523ac0&vjs=3
97,Software Developer (Big Data /Data on Cloud) (Restart with Infosys),True,['t least 2 years'],https://in.indeed.com/rc/clk?jk=a3b85324f7018e06&bb=84m6c2pzeF2QmIvaGGvqlhCV35g5EFAyeIOx7i4iCbuFY1kSArg4x5CbTaN_buMgbCrMf0ZMjgD8mU1rF2afFHxBvHBMCXXv8lr1e-GTqXE%3D&xkcb=SoD067M3FA06GkQsRB0NbzkdCdPP&fccid=c67533a523c83a4c&vjs=3
98,Python Full Stack Developer,False,"['e: </b>3+ years', 'rs and 5+ years', 'verall 3+ years', 't least 3 years', 'l work: 3 years', 'python: 3 years']",https://in.indeed.com/rc/clk?jk=0d273cbbb7a2be90&bb=84m6c2pzeF2QmIvaGGvqlsxqwf9WkJVtDEL9e6NAHe3fdcY23iVLzLWmtdetthuLF5nYHZihOcSMsLFevBmHcPfQLjp0U-8a8y2uzP0x-5Q%3D&xkcb=SoBA67M3FA06GkQsRB0MbzkdCdPP&fccid=16694805c00c0e3a&cmp=HARRY-INTERNATIONAL&ti=Full+Stack+Developer&vjs=3
99,Senior Software Development Engineer,False,[' <li> 4-6 years'],https://in.indeed.com/rc/clk?jk=3d639525b8faf8be&bb=84m6c2pzeF2QmIvaGGvqltSJkbIyKa-OnVCI_NsezxI_3Br-VNkx43_gFD3py9j2ETl33Hv5Gz6bSRr3riPe9J5BDubpZ1a9pxG0HmAN9hw%3D&xkcb=SoCp67M3FA06GkQsRB0DbzkdCdPP&fccid=dd616958bd9ddc12&vjs=3
100,Data Scientist - 3,False,"['he last 8 years', 'he last 7 years', ' numerous years', 'imum of 6 years']",https://in.indeed.com/rc/clk?jk=6adf2836f7471006&bb=84m6c2pzeF2QmIvaGGvqlu2D8jmmyoKbFFTWx2pJdBaVwsC7aSRwOwiTFvm00uJvG1NuenK1rYMv3LAkWvKFtzf5x5AX1vR3y8FIQtOOPDM%3D&xkcb=SoAd67M3FA06GkQsRB0CbzkdCdPP&fccid=985edaa499918be8&vjs=3
101,Application developer,False,"['least 3-5 years', '> <li> 4+ years']",https://in.indeed.com/rc/clk?jk=edb31f0060e230dc&bb=84m6c2pzeF2QmIvaGGvqlv-ZkqJW9xLVLXt3Ihg3XCmqZBES2anCTk-BqvYVd_lX1t8xK19cXk8anih3GUXR1tFotwncqhbOSy6raMDciGc%3D&xkcb=SoCA67M3FA06GkQsRB0BbzkdCdPP&fccid=de71a49b535e21cb&vjs=3
102,Sr. Python Developer,False,"['python: 3 years', 'l work: 8 years', '>ci/cd: 2 years', 'li>aws: 3 years', 'enkins: 2 years']",https://in.indeed.com/rc/clk?jk=f7679d9f1a62da7c&bb=84m6c2pzeF2QmIvaGGvqli55RXutVaLn8febdc31WLZh0FaTY1Yc7IZCF6RjCbOfCL4Gk4GPiwscr7UGbdAm4gr83kFnUiadOsrZWfcLq5M%3D&xkcb=SoA067M3FA06GkQsRB0AbzkdCdPP&fccid=0098b51334dc7c7a&cmp=iXceed-Solutions&ti=Python+Developer&vjs=3
103,Cloud Developer With Python Expertise,False,['l> <li>3+ years'],https://in.indeed.com/rc/clk?jk=25ab1e555ec3e3fe&bb=84m6c2pzeF2QmIvaGGvqlmXoXyEr9Sx-6PBXsnE1AGQuOqFI4TikvdV5CL8eE1VAfsdcoA_-AaY6DB2HyWuaLZqZK5fk0GsUmXFzx8Nr_tA%3D&xkcb=SoC667M3FA06GkQsRB0HbzkdCdPP&fccid=6076c608fca3045a&vjs=3
104,Trading System Engineer,True,['> <li>1-3 years'],https://in.indeed.com/rc/clk?jk=d201f6c42612aa6d&bb=84m6c2pzeF2QmIvaGGvqlpGi2KrOII-chWAmAYEgcRNvHV-xo1jg8YJyFtlVoOQPDbKOiLQ-xAAdCwjsOWCYUzynpcb5oB7RusDs3X0q7wc%3D&xkcb=SoAO67M3FA06GkQsRB0GbzkdCdPP&fccid=731cc2278820bde8&cmp=9Mediaonline&ti=System+Engineer&vjs=3
105,Power BI Developer,False,"['imum of 4 years', 'ipting: 2 years', 'wer bi: 3 years', 'li>sql: 2 years']",https://in.indeed.com/rc/clk?jk=fe4311b13fabdc7a&bb=84m6c2pzeF2QmIvaGGvqltwNdX00GXeOuUWgo9dT8kd7zQ896o4ncKHvl8aqVEE9Jcf_CV_khcE5XJHUGVRsxORSnkElZ8TNKvc7DZJ46L8%3D&xkcb=SoCT67M3FA06GkQsRB0FbzkdCdPP&fccid=081c2d39cb57dc83&cmp=McBird-technologies&ti=Business+Intelligence+Developer&vjs=3
106,Software Engineering Manager,False,"['li> <li>8 years', 'li> <li>3 years', 's, with 2 years', 'ul> <li>5 years']",https://in.indeed.com/rc/clk?jk=21b19f849661f324&bb=GUjWRUgTwtadKygyZcMNHwtFN0GB_gahR3J4S1TYOnlBKtwlXqZBdHSFtMyv2SRM8RzK4WCgiisaBh-P283TyonwxKkhXORIlPBd17YLwZo%3D&xkcb=SoDP67M3FA0zQJgMJL0LbzkdCdPP&fccid=a5b4499d9e91a5c6&vjs=3
107,Sr. Python Developer,False,"['ce: 4 - 8 years', 'minimum 5 years', 'python: 4 years']",https://in.indeed.com/rc/clk?jk=f5afb6ce2e3a0213&bb=GUjWRUgTwtadKygyZcMNH4tyLdP2AXH8upjg3gUgRSAMRSIx8-sIxqW_TjFduTSVY2MbPYpksVMsC8xAg5El5k2tBOF0I63_Qb23DGPrEnM%3D&xkcb=SoB767M3FA0zQJgMJL0KbzkdCdPP&fccid=2e616707036710a3&cmp=Dotcod-Innovation-Private-Limited&ti=Python+Developer&vjs=3
108,AI Application Developer,True,[],https://in.indeed.com/rc/clk?jk=9158dbaea3fb3f2e&bb=GUjWRUgTwtadKygyZcMNH1zs5S1tBHQzhVPsNWHfZv5XZlE57ctZU8tWTBnL6uT2ycg34p9FuZFZlp3Ps8JaRrwToGNHm4A1-ZDml2ICeqw%3D&xkcb=SoDm67M3FA0zQJgMJL0JbzkdCdPP&fccid=3f085887c7bb6fed&vjs=3
109,Senior Software Developer,True,"['<li>\uf0b7 10+ years', ' work: 10 years']",https://in.indeed.com/rc/clk?jk=558a1f9e9f0b400e&bb=GUjWRUgTwtadKygyZcMNH2BK8mHanWPlhjMyGzt0cXlcBIrvczfVWY_qLyoU37WFTW4PRWRQlHwRdyxSIYh_V-5SXpYez-UwOWL4a7PVVXo%3D&xkcb=SoBS67M3FA0zQJgMJL0IbzkdCdPP&fccid=fe03a34ab0ba9194&cmp=Busisol-Sourcing-India-Pvt-Ltd&ti=Senior+Software+Engineer&vjs=3
110,Sr. Python Developer,False,"[' <p><b>5+ years', 'l> <li>5+ years', 'ethod. 5+ years', 'python: 5 years', 'l work: 5 years', 'script: 4 years', 'rvices: 4 years', 'ia ott: 4 years', 'coding: 4 years']",https://in.indeed.com/rc/clk?jk=1d4a70324da8aafb&bb=GUjWRUgTwtadKygyZcMNH0EsXOFMr00Q0ktjMkd1OfuNU7faOBOAWobQpXxsXbk1esny9K-VYPQsvM8lo7t3_7wyekctmalz5pbrWh0LAmI%3D&xkcb=SoDc67M3FA0zQJgMJL0PbzkdCdPP&fccid=a1317e18cc9fde66&cmp=GITCS-India-Pvt-Lmt&ti=Python+Developer&vjs=3
111,Senior Engineer - Machine Learning Python Developer,False,"['otal 5- 7 years', 'imum of 3 years']",https://in.indeed.com/rc/clk?jk=aca235c3d6898f0b&bb=GUjWRUgTwtadKygyZcMNH46Wm8vnzz4xcFaZgin4vQLaW3QjHeZU0Y48Viey4rA_X_cAaN-4rAatfxSOnjbW9W8NKXStlFfFDMguRunNXlA%3D&xkcb=SoBo67M3FA0zQJgMJL0ObzkdCdPP&fccid=68cfe21d4d32a19c&vjs=3
112,Python Developer,False,"['ent – 4-5 years', 'python: 3 years', 'l work: 5 years']",https://in.indeed.com/rc/clk?jk=9ae96fc961658af0&bb=GUjWRUgTwtadKygyZcMNH8fmP5qt74ojkWNf9fJ0EBtmN1HgLWlQpIUl1Ip3lj_bFMhU-vSLOwXqM5MpP2I2WN7uR9f-d-XHnT2YJJcDoBg%3D&xkcb=SoD167M3FA0zQJgMJL0NbzkdCdPP&fccid=14944ea4142351af&cmp=Matrix-Intertech-Pvt.Ltd.&ti=Python+Developer&vjs=3
113,"Azure , ETL , SQL ( PAN India )",True,[],https://in.indeed.com/rc/clk?jk=e8637a1e6c48156a&bb=GUjWRUgTwtadKygyZcMNHw70f3T8f6yyp87pYLUViyFE6aagcfRM6KkJiUZWxu6e--hY_UGo8xxVtK9B4ktEI6n3_DSo7S8V9vRPwEF0LS0%3D&xkcb=SoBB67M3FA0zQJgMJL0MbzkdCdPP&fccid=c67533a523c83a4c&vjs=3
114,Power BI Developer,False,"['ence : 5+ years', 'l work: 5 years']",https://in.indeed.com/rc/clk?jk=5f85c351d9604cdc&bb=GUjWRUgTwtadKygyZcMNH8AUvgTguz_wKdZevMTDEz6rZQHBZC1aRQil7VYped7zKRQLcdakfhW_2oM1WmSpv0HHKcxvCjEyf6bmUpMuyDo%3D&xkcb=SoCo67M3FA0zQJgMJL0DbzkdCdPP&fccid=d0377b42bd69efd8&cmp=Mobile-Programming&ti=Business+Intelligence+Developer&vjs=3
115,Mid-level Developer,False,['/> 3 to 5 years'],https://in.indeed.com/rc/clk?jk=354c5ed27a6f364c&bb=GUjWRUgTwtadKygyZcMNH0d6rB5Ew-mQFjQmivIsl8n1Vy7UaWOve1ss1kgZfZVrAcwxT0S__-aEazggMLXIvMZIylR_OdshSziJhD4ksy0%3D&xkcb=SoAc67M3FA0zQJgMJL0CbzkdCdPP&fccid=b716e44d2c6283e7&vjs=3
116,Python Developer,False,"[': </b>6-8 yrs', 'oper – 6+ years', '>total: 7 years', 'rnetes: 4 years', 'docker: 4 years']",https://in.indeed.com/rc/clk?jk=8b1260c1e06744cc&bb=GUjWRUgTwtadKygyZcMNH5G7GqV-JcpCzzekWecCKP1Nv9vVO3hkkpWtFJ4zJJFuKtT2fyaAPkCRQscVq6jPo-0lwXElhtoDy6d_Qf1FQjg%3D&xkcb=SoCB67M3FA0zQJgMJL0BbzkdCdPP&fccid=0c97edd832cbb73f&cmp=Aliqan-Technologies&ti=Python+Developer&vjs=3
117,QA Automation Python| UNIX| SQL| Java,False,"['rt with 5+yrs', 's with 3+ yrs']",https://in.indeed.com/rc/clk?jk=b8f7a79339b5136c&bb=GUjWRUgTwtadKygyZcMNH8mqEFFxAkhX8pw-pzbysMpYheNqj-qv8TK7R3ZIk52wNyeO1X1ccPIiLfl6CyG--CyZCvUKN4-D6Ip5iQF2cso%3D&xkcb=SoA167M3FA0zQJgMJL0AbzkdCdPP&fccid=057abf3fd357e717&vjs=3
118,JavaScript-Application Developer,True,['inimum 15 years'],https://in.indeed.com/rc/clk?jk=d47c16f08eb344df&bb=GUjWRUgTwtadKygyZcMNH3eKD1EntcR8PHDdTXetejOc-h68FpDZUsyP2QGrIOiiR3E05cILuKOI0r1zC0nP6uyonCxGKDnHpZEbVVYtnW8%3D&xkcb=SoC767M3FA0zQJgMJL0HbzkdCdPP&fccid=a4e4e2eaf26690c9&vjs=3
119,Senior Simulation & Analysis Engineer,True,[],https://in.indeed.com/rc/clk?jk=9c51ebd6c528bd6d&bb=GUjWRUgTwtadKygyZcMNHxLeQYXIt0aBF0w9xE32dUtZPC0vYZ3MjFCMKY1kJhaBxqZbSpQNVClM2tei17SSQYsr4FVRHIRlnMAeAX9vOb8%3D&xkcb=SoAP67M3FA0zQJgMJL0GbzkdCdPP&fccid=0f63e537c80f169b&vjs=3
120,Principal Member of Technical Staff,True,[],https://in.indeed.com/rc/clk?jk=b40abea95a5dd367&bb=GUjWRUgTwtadKygyZcMNH8fmP5qt74ojiqJlVjaVI2Hn05OIRWzU5SL8FmLvMqXrVHnt8o8Yj4y0AfpYQ9KOvX2PQ-uvV-_mlvmnqi3XnDs%3D&xkcb=SoCS67M3FA0zQJgMJL0FbzkdCdPP&fccid=cd22d01053af7669&vjs=3
121,Data Analytics,True,['ence: 2-5 years'],https://in.indeed.com/rc/clk?jk=9ba3a0b8c10a321d&bb=AcMNH6y5KLoHCnLrXAdxzW1WURQf4FFkCHdhWF94PHJJv65IF5Ju_q9LSsBN55_HVmhFH-dTQETrx4CxG9tbjTzG_HGMx_RsSAXmil12BBo%3D&xkcb=SoCD67M3FA1MnuySxR0LbzkdCdPP&fccid=a32ed1a00f8729a8&vjs=3
122,Technical BA - Exchange Feeds,False,[' least 3+ years'],https://in.indeed.com/rc/clk?jk=f583a4f147baf94e&bb=AcMNH6y5KLoHCnLrXAdxzZHJkjWTsmH6BqttkSqQQZrRIvSqo4EgQ9LELjJsGmfiSGMF7A9ETtMaIwvSbjJpbiOyXoNy4rye7NmL9KbLkkY%3D&xkcb=SoA367M3FA1MnuySxR0KbzkdCdPP&fccid=720f13c280f4c1c0&vjs=3
123,Backend Developer,False,['ience: 5+ years'],https://in.indeed.com/rc/clk?jk=d853ab566390dfec&bb=AcMNH6y5KLoHCnLrXAdxzR4tY4kL3zsNqQrwyU4CSMcvLpV1RULDfEdJ3F8hFRdNJ-QlRNA-SHuw09hUGfhi1MM3fVocfU50qiHNkqhUJ3Y%3D&xkcb=SoCq67M3FA1MnuySxR0JbzkdCdPP&fccid=99e2b19821c2bad5&vjs=3
124,Software Developer - UAV,False,['l> <li>3+ years'],https://in.indeed.com/rc/clk?jk=9777dc92d3b2c394&bb=AcMNH6y5KLoHCnLrXAdxzfPz1k7MhDBhxp_b5e6P-lrRb5xezCPcNPwP1mwZ_I0SysEzJXUGtJk-6WzsOh2mog4ac5OZvtkvCX_NwDx5c1Q%3D&xkcb=SoAe67M3FA1MnuySxR0IbzkdCdPP&fccid=dd616958bd9ddc12&vjs=3
125,EDC Developer,True,"[' : 2 to 6 years', 'ls<br/> 2 years']",https://in.indeed.com/rc/clk?jk=59d525dfd1b54dd0&bb=AcMNH6y5KLoHCnLrXAdxzQGtoIRUD-wunD5XSC_63VUOKulCURJx7eCpgTDUZkYCEoVeLw6KcNt4IWZsA3yWS6-zy_LKH7-aR5SultWUVR8%3D&xkcb=SoCQ67M3FA1MnuySxR0PbzkdCdPP&fccid=146443e77d8c0778&vjs=3
126,Senior Backend Developer,True,['l> <li>2+ years'],https://in.indeed.com/rc/clk?jk=d26382fb30eff1b5&bb=AcMNH6y5KLoHCnLrXAdxzYIUEGRwvr9AO-Q8JJbmPuOfkCcU8_63tNsgZTzUMD6iIh2mjLR_-VlS6y4mFzjX8CawPlRAGmwLqEbtgoAeyrM%3D&xkcb=SoAk67M3FA1MnuySxR0ObzkdCdPP&fccid=d10207aabbbace1b&vjs=3
127,Python+Golang Developer,False,['l work: 3 years'],https://in.indeed.com/rc/clk?jk=57c3407430cd6a7f&bb=AcMNH6y5KLoHCnLrXAdxzbwf2SWMn6I16JFncbYlb5PbGvg6qGmAcKzHcVRPVKXE70uouKd4GKfmTHkb0p8pEsIjOC3gwDF8bz49rkg06lE%3D&xkcb=SoC567M3FA1MnuySxR0NbzkdCdPP&fccid=9b2c516fcf46707a&cmp=AV-Technoserve-Services&ti=Python+Developer&vjs=3
128,Cloud Software Development Engineer,False,['eld. - 6+ years'],https://in.indeed.com/rc/clk?jk=8b51adee403a4da1&bb=AcMNH6y5KLoHCnLrXAdxzefcIxb1y-5y30gmDJpTOjL2XuqNYdBBstH8_HQovrMeM-dD6MGIBs3uYxuXr31CpaC69uc68FrzjycBkM6xLys%3D&xkcb=SoAN67M3FA1MnuySxR0MbzkdCdPP&fccid=936367796261bd6e&vjs=3
129,Senior Full Stack Developer,False,['> <li>4-8 years'],https://in.indeed.com/rc/clk?jk=d60d0698181e059d&bb=AcMNH6y5KLoHCnLrXAdxzX-eL80qn5rMhsK4JgnkneZMJcmDxtKZFqc-L5GzEV_mJoqojK-JvhW_47k74yt4SQmuNHRqOJ2yfmyyjtB-qQw%3D&xkcb=SoDk67M3FA1MnuySxR0DbzkdCdPP&fccid=2af6623a56079fe5&cmp=NTWIST-Inc&ti=Full+Stack+Developer&vjs=3
130,C++ Developer,True,"['eld 2. 3+ years', 'eld 2. 3+ years']",https://in.indeed.com/rc/clk?jk=9e86d4559f4454b9&bb=AcMNH6y5KLoHCnLrXAdxzWxLlFPtT0YcgpDkWbd8FzqeHtPWuZz1fHWFnPIjh_XKpo15Tk6WijOOS5AUCT227SlnmGNJ88prGT24NNDXx2s%3D&xkcb=SoBQ67M3FA1MnuySxR0CbzkdCdPP&fccid=01bb9926411ba157&vjs=3
131,Engineering Manager,False,"['0 or more years', '5 or more years']",https://in.indeed.com/rc/clk?jk=86d687cf32f5f8a5&bb=AcMNH6y5KLoHCnLrXAdxzRFnS2P6Zjh0je5JV8pg5nPFo7qCXrJjsaoYLv_FO6ZNneqsGC_B9cBsorHZVrnWM5u3LL_d7OQNMiRNNS0gL_0%3D&xkcb=SoDN67M3FA1MnuySxR0BbzkdCdPP&fccid=216eb700022de6f6&vjs=3
132,Software Developer,False,[' <br/> 5+ years'],https://in.indeed.com/rc/clk?jk=d2cc0dd9d4e29531&bb=AcMNH6y5KLoHCnLrXAdxzdEgVZntxA2u8eKrGkCgDnDH_A-PonaoEHzMEbNroF09nPbX7RBZqiXvJRUW_XpumXbvR8PI7miyevg8Cr__xYY%3D&xkcb=SoB567M3FA1MnuySxR0AbzkdCdPP&fccid=1c76c3a36f6c7557&vjs=3
133,JavaScript Python Linux Developer,True,[],https://in.indeed.com/rc/clk?jk=6aebc319d76d556b&bb=AcMNH6y5KLoHCnLrXAdxzWw55UVIbJJ5IQaI3rvjMvRF8LjICR24q_apvpEdOHDnEu3PvRLLME-Av1fdPhDG-mOI4QegUi8BfJlhnQTz5cY%3D&xkcb=SoD367M3FA1MnuySxR0HbzkdCdPP&fccid=c67533a523c83a4c&vjs=3
134,Senior Front End Developer,False,"['> <li>3-7 years', 'opment: 3 years']",https://in.indeed.com/rc/clk?jk=5140c44ed2cf821b&bb=AcMNH6y5KLoHCnLrXAdxzfMglVXcQrd5MfeOxNwGq563DGR01oezgoo8qvFdZPJTe-IPp_Lctl5cOsJ-MUs6sb5mDmIgN5m-ciKV0EzMr74%3D&xkcb=SoBD67M3FA1MnuySxR0GbzkdCdPP&fccid=0c237049e0e53531&cmp=Qbits-Education-Pvt.-Ltd&ti=Front+End+Developer&vjs=3
135,Sr. SDE (Python),False,"['inimum 5+ years', 'eader""><b>years']",https://in.indeed.com/rc/clk?jk=a2d2f780e68df2b3&bb=AcMNH6y5KLoHCnLrXAdxzbqA3wDCC0wiJ_1Cx5R6mmiqq_izZk_Q-MRjKkcCF3RE16QeQrzsk_6S7UjahV1hhfhWy1-wdtVC3IGFpPY-ZZE%3D&xkcb=SoDe67M3FA1MnuySxR0FbzkdCdPP&fccid=3fc3297f549a55e7&vjs=3
136,Qa programmer lead,False,['r/>\uf0b7 8-10 years'],https://in.indeed.com/rc/clk?jk=8a99136895a1c335&bb=P8Mr1Zk1oK16EDkigqOu7r5IHiO4FJ3uiNjXfO_sHtpPskcjkhoUJtGyLHgiwJtmTVoDYlq6MwHJxfs5Q6-dQ8wRJduN6n2bJ4DeO02593c%3D&xkcb=SoCD67M3FA1GALySxR0LbzkdCdPP&fccid=b6fffcba8afdda3b&cmp=Regan-Network-hr-solution&ti=Quality+Assurance+Manager&vjs=3
137,C++ Developer,True,"['eld 2. 3+ years', 'eld 2. 3+ years']",https://in.indeed.com/rc/clk?jk=9e86d4559f4454b9&bb=P8Mr1Zk1oK16EDkigqOu7k4jYaRnZfyOuN2YyDyZkft4iPPkCkvDt9_dFBPYrNU7cuQtV2QPGtl7v9-5Y4h-yQiiBAotPgrd7phCPQrF8-Q%3D&xkcb=SoA367M3FA1GALySxR0KbzkdCdPP&fccid=01bb9926411ba157&vjs=3
138,Full Stack Developer,False,['minimum 4 years'],https://in.indeed.com/rc/clk?jk=1207c4154f8305ab&bb=P8Mr1Zk1oK16EDkigqOu7uREqcDIfWcnd7scE53dBdcAfaSRqvCSkzSEaPLGDTQ-ruxcuN-FJonWr_8i7xlntnTT0GwaZv7Q-XkFyTDnXUQ%3D&xkcb=SoCq67M3FA1GALySxR0JbzkdCdPP&fccid=47bf894193032615&vjs=3
139,Data Scientist | Cloud Products - WFH,False,"['e:</b> 7+ years', 'mum of 7+ years']",https://in.indeed.com/rc/clk?jk=0e79fbd652f3bf31&bb=P8Mr1Zk1oK16EDkigqOu7oxpm2T5idqUvArzvUNfrh2rL833UcSLYsLmwAVYj7vYB9hLXhJQT9a3m8tz6dguBinlcXX7ZkOJmapwHT_VVWA%3D&xkcb=SoAe67M3FA1GALySxR0IbzkdCdPP&fccid=0e2f08d304beb5b1&cmp=Uplers&ti=Data+Scientist&vjs=3
140,Developer Conversion,False,['> <li> 3+ years'],https://in.indeed.com/rc/clk?jk=bc91585377e7d44f&bb=P8Mr1Zk1oK16EDkigqOu7l8JHP8y11S-lih0pZENKn-Iolxu06VjyTHRONX14rmYj3yzbzt9x7RsJ2Vxd5MY1gN7AvD8QYkXTQ2mG_UI9tc%3D&xkcb=SoCQ67M3FA1GALySxR0PbzkdCdPP&fccid=796b5a2c2fc5984d&vjs=3
141,Big Data Engineers (Java/Scala/Hadoop/Spark/AWS),False,"[' plus 4-8 years', '> <li> 3+ years']",https://in.indeed.com/rc/clk?jk=40ed5271a0de223e&bb=P8Mr1Zk1oK16EDkigqOu7uO6rkgnFR2XQja1y-U_6xRkXo7ifxI4dpD8ljbOaHUYNFnhfN9F2tfEzv8W0plGUpVfQwJZnXwJnl6Hv_qvJDw%3D&xkcb=SoAk67M3FA1GALySxR0ObzkdCdPP&fccid=683f563b5cc25b70&vjs=3
142,Senior Software Engineer - ROR,False,"[' with 4-8 years', 't least 3 years']",https://in.indeed.com/rc/clk?jk=3921a8fd729d11d4&bb=P8Mr1Zk1oK16EDkigqOu7iEYGrQpXcYKn10xUIdCRKZmwl5BPfqlcCRwgV9p0FepUHzXLIMvYRU-bAWGEaPgNal9v0VFsLsWWNAOj0HKVKs%3D&xkcb=SoC567M3FA1GALySxR0NbzkdCdPP&fccid=3cc82e28c6738024&vjs=3
143,JavaScript-Application Developer,True,['inimum 15 years'],https://in.indeed.com/rc/clk?jk=d47c16f08eb344df&bb=P8Mr1Zk1oK16EDkigqOu7ndId6PZpdkDtVSDpVoqJ7lw0IblVdgbHRsdv37PPMOU9GE2iQo2l8FCCBDUGrSXndVrZtpV2l-lkyHZRq_07Qo%3D&xkcb=SoAN67M3FA1GALySxR0MbzkdCdPP&fccid=a4e4e2eaf26690c9&vjs=3
144,"Windows Software Driver Developer, Staff",False,"['ld and 4+ years', 'ld and 3+ years', 'ld and 2+ years', 'l> <li>2+ years', 'l> <li>5+ years']",https://in.indeed.com/rc/clk?jk=4849a34f055c9df8&bb=P8Mr1Zk1oK16EDkigqOu7jAE0STRXkw0tzW9KMXiVkv61gtXGi9mXkS8IlEIuwnHukBly90ASizBzUIZdCpa50LGUE0mUj5YxHgQotmU1PE%3D&xkcb=SoDk67M3FA1GALySxR0DbzkdCdPP&fccid=d40ebe11fc879426&vjs=3
145,Python Developer | GMK,True,[],https://in.indeed.com/rc/clk?jk=a667809b7f76e4ae&bb=P8Mr1Zk1oK16EDkigqOu7j3xyX7N0zVacAPcCmG1sa5WGmwLT1rxHveKstg2G7IuFF6z1qom49soloE3IeO6E0sLME6pZg31MzfmxiqHaRg%3D&xkcb=SoBQ67M3FA1GALySxR0CbzkdCdPP&fccid=c9a97f04c209d3f8&vjs=3
146,"Big Data Engineers (Airflow, Python, Spark)",True,['> <li> 2+ years'],https://in.indeed.com/rc/clk?jk=93e1d0414e14fa73&bb=P8Mr1Zk1oK16EDkigqOu7mWUkAnMrBj7w5F6nHz8VdIQ2nxI8GjgHfyI9T4UbMmTgXcXAbcA89arQBRuSa3YQIlXUo2J1o2nIZUmrTMKAgM%3D&xkcb=SoDN67M3FA1GALySxR0BbzkdCdPP&fccid=cb6a64d99465ef02&vjs=3
147,Application Developer,True,[],https://in.indeed.com/rc/clk?jk=b3156652ed2d5036&bb=P8Mr1Zk1oK16EDkigqOu7ndId6PZpdkDnv0AJC8qbkjKDyE-SoFHkUSxNtzxFwxQBxo_UKCs95mSpFDegaRK41sZjFZBYdHJrBlJljZfzl0%3D&xkcb=SoB567M3FA1GALySxR0AbzkdCdPP&fccid=d61ce76adadd1b79&vjs=3
148,Senior Backend Developer,False,"['> <p>● 5+ years', 'least 2-3 years', 'amming: 6 years', 'python: 6 years']",https://in.indeed.com/rc/clk?jk=9287d806b67084ea&bb=P8Mr1Zk1oK16EDkigqOu7rK7y1-L7_FE4rAXlq48bS3RdCmoV6jEbM_R51Mchya02xeog8hOC_wnRk3cJaK3XaW3FQys_3cV39GlvAFKLUQ%3D&xkcb=SoD367M3FA1GALySxR0HbzkdCdPP&fccid=67910888e89355b8&cmp=Coincrowd&ti=Back+End+Developer&vjs=3
149,Cloud Developer With Python Expertise,False,['l> <li>3+ years'],https://in.indeed.com/rc/clk?jk=25ab1e555ec3e3fe&bb=P8Mr1Zk1oK16EDkigqOu7jV8CvedE3VrUfNC7kQw2W-z0AYbMuaqDp6SrDVNKYePOTyRfVmme5g_ZYdwMQqckN99eN8bbClKQHydsnzAilU%3D&xkcb=SoBD67M3FA1GALySxR0GbzkdCdPP&fccid=6076c608fca3045a&vjs=3
150,Sr. Python Developer,False,"['ce: 4 - 8 years', 'minimum 5 years', 'python: 4 years']",https://in.indeed.com/rc/clk?jk=f5afb6ce2e3a0213&bb=P8Mr1Zk1oK16EDkigqOu7nliFLFpyO7KOrZoikas0WXpHW3y62n5mHB-DIPJmCzgvYbGkQ2BmL5LmIy4LfFpdZA9jLLFbf39j3mg0NEd198%3D&xkcb=SoDe67M3FA1GALySxR0FbzkdCdPP&fccid=2e616707036710a3&cmp=Dotcod-Innovation-Private-Limited&ti=Python+Developer&vjs=3
151,Application Developer,True,[],https://in.indeed.com/rc/clk?jk=b3156652ed2d5036&bb=eddqIInsKQLBwAW2wC4uMjL1uml8DYlFTTaz6zog0IXCRGe1A_dnUgPcaeNoeuI1bvmeAEN1_KLUxGjj6mcqKTXaISnyS4aAdqjc1cdK14k%3D&xkcb=SoDx67M3FA1fKxyndp0LbzkdCdPP&fccid=d61ce76adadd1b79&vjs=3
152,Backend Developer(Python ),False,"['>● min 3+ years', 'amming: 3 years']",https://in.indeed.com/rc/clk?jk=d373409f68c06aa9&bb=eddqIInsKQLBwAW2wC4uMhRXZ1xsbZ99jtLO8U5799s4PG0_FX-kP43Q1mKPBnD2sD5qDPia7xa2Rs49H0UR4hoRZdIx37oAD8ztlZy1npM%3D&xkcb=SoBF67M3FA1fKxyndp0KbzkdCdPP&fccid=c8d64c81ac15c3f3&cmp=KonnectNXT&ti=Back+End+Developer&vjs=3
153,Sr. Python Developer,False,"['ce: 4 - 8 years', 'minimum 5 years', 'python: 4 years']",https://in.indeed.com/rc/clk?jk=f5afb6ce2e3a0213&bb=eddqIInsKQLBwAW2wC4uMjnqd59cA3t7rtL2mdIevGIH-fTZ3SiANYUyXTIpy9UdhByDcVLnuovmn3RBd1g6cTSHngjZobl5BfrjKtrPHEw%3D&xkcb=SoDY67M3FA1fKxyndp0JbzkdCdPP&fccid=2e616707036710a3&cmp=Dotcod-Innovation-Private-Limited&ti=Python+Developer&vjs=3
154,Senior .Net Developer,False,"['<p>5 to 8 years', 'l work: 5 years']",https://in.indeed.com/rc/clk?jk=5a5cbdaca3d082df&bb=eddqIInsKQLBwAW2wC4uMjnqd59cA3t7ORL9U0g8j4MJcrqcvHaii_974I1oRTj9TccTkFxT3BNDZeWLrsZyj1-vMFt54ukXSnH30Gs9uYQ%3D&xkcb=SoBs67M3FA1fKxyndp0IbzkdCdPP&fccid=b8ce45ae8793cec6&cmp=Princeton-IT-America&ti=Senior+.NET+Developer&vjs=3
155,Python Developer,True,['l work: 2 years'],https://in.indeed.com/rc/clk?jk=14c87d9d416bf123&bb=eddqIInsKQLBwAW2wC4uMi0du0At37OzwCqtefMkMp9KiqJWJnMKB9Zi5oxg9nrzQXx683W9PY8iiPOxdvq1NSpoJwvO1QdUgEHyRC7vU30%3D&xkcb=SoDi67M3FA1fKxyndp0PbzkdCdPP&fccid=80012af19dde32e0&cmp=SKYLARK-HR-SOLUTIONS&ti=Python+Developer&vjs=3
156,Senior Developer III,False,"['couple of years', ' <br/> 5+ years']",https://in.indeed.com/rc/clk?jk=47459e40aa5da377&bb=eddqIInsKQLBwAW2wC4uMtvZFIYCAMkK44zvkMPKW2X2S6cDRele33c5yzgR47zs7yNwNyGqI14Thqu21_5zNjjw0doDKCWdUwdh_UsDKfE%3D&xkcb=SoBW67M3FA1fKxyndp0ObzkdCdPP&fccid=9917de3c28f569f6&vjs=3
157,Lead Data Integration Engineer (Snowflake Developer),False,['l> <li>6+ years'],https://in.indeed.com/rc/clk?jk=8bd5bc140905a4e0&bb=eddqIInsKQLBwAW2wC4uMhCUBAQbrcBLDgjjMmTBGIKrS0w_Cd1iXdQ-uGHD5Mp-LH8ImbxatkFv1sliMMns_gwCgQXljTMpwfpELDEfIW0%3D&xkcb=SoDL67M3FA1fKxyndp0NbzkdCdPP&fccid=22423bb77dd8554a&vjs=3
158,DevOps Engineer (DevOps/Terraform/AWS),False,['> <li> 6+ years'],https://in.indeed.com/rc/clk?jk=7596b8929744aa48&bb=eddqIInsKQLBwAW2wC4uMso-5tZq6o-zlOztuIfo_SoAKL99Y3mK0aJVHL4REhnSUz1waF5mpUjpWx3HnrpMdXGM-aBHHDaDK85bDSi7FEo%3D&xkcb=SoB_67M3FA1fKxyndp0MbzkdCdPP&fccid=683f563b5cc25b70&vjs=3
159,Software Developer,True,[],https://in.indeed.com/rc/clk?jk=1be423e7fa92eaeb&bb=eddqIInsKQLBwAW2wC4uMtvZFIYCAMkKcKPNqihtmqmEEhD7PmWXicN0_s_im-Hqp-EV3ZzibewYV7KcOeXJAIuztdHpZwa4r7f-OQEg8Hg%3D&xkcb=SoCW67M3FA1fKxyndp0DbzkdCdPP&fccid=edaf930aa742f4a1&cmp=Admire-Solution&ti=Software+Engineer&vjs=3
160,Data Scientist,True,[],https://in.indeed.com/rc/clk?jk=14082bddace1f10d&bb=eddqIInsKQLBwAW2wC4uMqK7zSXWj0yROK-CI3g2qYslzJG049ts5lxfsD9ugtNmdb46FRo3StN8jNLHbmIMVT-AFHcKu2kErPRDL3x5Y0s%3D&xkcb=SoAi67M3FA1fKxyndp0CbzkdCdPP&fccid=1b980b4f5c48c05a&vjs=3
161,Ruby on Rails Developer - India,True,['l> <li>1+ years'],https://in.indeed.com/rc/clk?jk=85828e5995ef80af&bb=eddqIInsKQLBwAW2wC4uMl3-TmiVeuYi6WBLgVELD0ZYU2e4FnOqRkuNmi87SF34Te_aUjMMA3bVYIw4N70CURHEBRsUE4EiAGXHmTB3HOo%3D&xkcb=SoC_67M3FA1fKxyndp0BbzkdCdPP&fccid=e464174d4cbad285&vjs=3
162,Linux Operations Engineer I - IN (R-18595),True,"['perience. years', 'ired: 2-4 years', 'l up: 1-2 years']",https://in.indeed.com/rc/clk?jk=c12a7f21f734decc&bb=eddqIInsKQLBwAW2wC4uMgNxjIW_u8VLJ9ltOUMUV8XuEe8eijZ3A8cBI_8v3LQBIFWx3RvvRokGm6iR3_OvfMhnCx9uSWVXTKiM6um_ZOE%3D&xkcb=SoAL67M3FA1fKxyndp0AbzkdCdPP&fccid=b60c9324aeb7df96&vjs=3
163,Principal Software Engineering Manager,True,"[', and 10+ years', 'every two years']",https://in.indeed.com/rc/clk?jk=c0a7b17c9dcfd479&bb=eddqIInsKQLBwAW2wC4uMoUPxU9FhlCzGCiU6d9B9gVw9CKxUE5Y6GwX8agQEv3AOXf4-85vzloiK2u5JokWvEa8_CVVKDi30yM3lpUoqK0%3D&xkcb=SoCF67M3FA1fKxyndp0HbzkdCdPP&fccid=734cb5a01ee60f80&vjs=3
164,"Staff Engineer, Windows Client",False,"['inimum 8+ years', 'l> <li>8+ years']",https://in.indeed.com/rc/clk?jk=b22d652b1eb14336&bb=eddqIInsKQLBwAW2wC4uMnFkxWBo_trGDstkXnh0vpcDTSUeRn01hvBjATixMT3RJd-_y-9JKUcpVWbVhFAetkPN5D3ebw1fETIkbDzTyoQ%3D&xkcb=SoAx67M3FA1fKxyndp0GbzkdCdPP&fccid=720a8d2e70b4a8fe&vjs=3
165,AWS Data Engineer,True,[],https://in.indeed.com/rc/clk?jk=518d96fc20e66ec2&bb=eddqIInsKQLBwAW2wC4uMtU9k7Wuilesnh3j5-1lpeVqnbZFNbzxe3jfjidA86b1XJu2Mg9UyVLGh5cMLdDmqdef5hbUk1c18qh0wpbuU_Q%3D&xkcb=SoCs67M3FA1fKxyndp0FbzkdCdPP&fccid=78aa1257dda2abba&vjs=3
166,Full Stack Developer - React.js/ Node.js,True,[],https://in.indeed.com/rc/clk?jk=b5f37ca907cc6f9d&bb=TVXawZurc3-xLNgCAS0nX4ilyty20TJj5avD5ahdXOG2-IApqDWC-HbdR9trtp_KZc58ybQuR_wYgjxvx5UzEikotVvASJaDCAHi0RYaa-o%3D&xkcb=SoAt67M3FA1Yw-ySxR0LbzkdCdPP&fccid=522759de3c355e58&vjs=3
167,Artificial Intelligence Developer - Machine Learning/ Python,False,['> <li>3-5 years'],https://in.indeed.com/rc/clk?jk=72950d467d232a0a&bb=TVXawZurc3-xLNgCAS0nX5YfP3G4GJ2UR5xOp61VP5mrgNTYrVBbFMrMJhgP3d3wjkotFUbhaGoJg8ACmCqDuPqjRpzz8aHkv5O8eDhLmOA%3D&xkcb=SoCZ67M3FA1Yw-ySxR0KbzkdCdPP&fccid=522759de3c355e58&vjs=3
168,Python developer,True,[],https://in.indeed.com/rc/clk?jk=c3d8bba552a33c26&bb=TVXawZurc3-xLNgCAS0nX97OP3DPtf-jJqU7nEQe5RmDnNMZ7M4yQAmObgSkBzsUFYH7wTNSEl3WJDf0ZseT5mV8OgNBNwdR698wEowtqGI%3D&xkcb=SoAE67M3FA1Yw-ySxR0JbzkdCdPP&fccid=048898f93895e21b&cmp=Crawlapps-Technologies-Pvt.-Ltd&ti=Python+Developer&vjs=3
169,Software Developer - Full Stack,True,"['e:</b> 2+ years', 'imum of 2 years', 'm last 15 years', 'l work: 2 years']",https://in.indeed.com/rc/clk?jk=5ccc9f7e5877f1de&bb=TVXawZurc3-xLNgCAS0nX0i5pnCBdBj1JDsWJFjXkwHNSZTRWET0zuuA-n7WiEJ2Z0V8Ahqqyrs28xttPMb5iK4kaICbMlZX-BSvxLtwRiw%3D&xkcb=SoCw67M3FA1Yw-ySxR0IbzkdCdPP&fccid=c2f9f257b74802bb&cmp=Zenmonk&ti=Full+Stack+Developer&vjs=3
170,Engineer - I,True,[],https://in.indeed.com/rc/clk?jk=655c48796f9b8dc0&bb=TVXawZurc3-xLNgCAS0nX5JDm5Ww0xG2DSHX07A-aXjZ0I8ueHitDrFuYFXYiVuRKdvKYgVNIVelJkO2HRK_wUWQvbCm_HHwGeddxRkD2pA%3D&xkcb=SoA-67M3FA1Yw-ySxR0PbzkdCdPP&fccid=2cf59c6535b672b8&vjs=3
171,Application developer,False,"['least 3-5 years', '> <li> 4+ years']",https://in.indeed.com/rc/clk?jk=edb31f0060e230dc&bb=TVXawZurc3-xLNgCAS0nX8sd-GEC6DIN_W7uEoJntXB2AplV-m2K-GYOVEFORqGzGuOb3A0EC_Ly8HhITw-9eBTTXu5Vh8HR_wkoIYPkBRo%3D&xkcb=SoCK67M3FA1Yw-ySxR0ObzkdCdPP&fccid=de71a49b535e21cb&vjs=3
172,Senior Associate Developer,False,['ence: 5-8 years'],https://in.indeed.com/rc/clk?jk=dcb6212b2de5eb77&bb=TVXawZurc3-xLNgCAS0nXxHtYtI7ArboQqgy2GmdwGESRhAigaIiJuOsjAxRPe4wvroFIBVg3mZOzkTolqA_yK-BpA-FXr_7Sq8EeCY6dOg%3D&xkcb=SoAX67M3FA1Yw-ySxR0NbzkdCdPP&fccid=ba2f8c01425446f3&vjs=3
173,Python/Django Developer,False,"['ience - 5 years', 'python: 5 years']",https://in.indeed.com/rc/clk?jk=a241751ff29524d3&bb=TVXawZurc3-xLNgCAS0nX0Lj3iWy7BFZO0yKrKPAn1w0_4yM9b2GphHGo6DOWTcKEI96R9X0Mt5bFb06rhmqR-pBaQEG2scMImJfv7kluZI%3D&xkcb=SoCj67M3FA1Yw-ySxR0MbzkdCdPP&fccid=b6c63d920aa7b6d3&cmp=flexus-soft-services&ti=Python+Developer&vjs=3
174,Devops Engineer,True,[],https://in.indeed.com/rc/clk?jk=aa76ced3c53b2a63&bb=TVXawZurc3-xLNgCAS0nX4an9CZ8V7IKbv52-AByS2eI1bn8XYtSpXHNaxFZTq-ej8AklDvx6abXdvlmWmQ1l99JLpLO_WWOKMXqPgPphfQ%3D&xkcb=SoBK67M3FA1Yw-ySxR0DbzkdCdPP&fccid=216eb700022de6f6&vjs=3
175,Backend Developer (Python),False,"[' with 3-5 years', '> <li>3-5 years', 'amming: 3 years']",https://in.indeed.com/rc/clk?jk=a6a0279d65a85499&bb=TVXawZurc3-xLNgCAS0nXzg1WCTbfAjFGTvK9TlsVi6pyH_anNCZIj4rNqwRgJJlkOUuCFfDl3QcQz9sM5-DXQ6HvAr8HrLHkj64uh2tUIw%3D&xkcb=SoD-67M3FA1Yw-ySxR0CbzkdCdPP&fccid=12b621829ccb3aa2&cmp=Art-Technology-and-Software-India-Pvt.Ltd&ti=Back+End+Developer&vjs=3
176,Software Developer,False,[' five (5) years'],https://in.indeed.com/rc/clk?jk=3dd7aeac6c671edf&bb=TVXawZurc3-xLNgCAS0nXwgspS4cNYvH3G9CK60RJexv4Ic-zOG08ZQOXjvVdXIGI-ThzG2_zgvU34B_WBg74e-JpfqD7-Omr9phiYps6XQ%3D&xkcb=SoBj67M3FA1Yw-ySxR0BbzkdCdPP&fccid=f3d94c7aa4507509&vjs=3
177,Software Engineer II,False,['g with 3+ years'],https://in.indeed.com/rc/clk?jk=bfab468bb46ffbcc&bb=TVXawZurc3-xLNgCAS0nXyB6eDGEC1MUXIxVD9b4tDccivTmk4u8prWqHVShktMn22F0p4mSK8SZ62Acrj2AGSKsHOPFNZa2bf9uFaA9Nxk%3D&xkcb=SoDX67M3FA1Yw-ySxR0AbzkdCdPP&fccid=4a9ff516f64c9df4&vjs=3
178,Senior Python Developer,True,"['ence of 2 years', '1 or more years', 'python: 2 years', 'l work: 2 years']",https://in.indeed.com/rc/clk?jk=27259e920c33b835&bb=TVXawZurc3-xLNgCAS0nX-JqskeyAgHSs6h9dliEjAp2sFiPyctus3mwlHUcuD9FxtGzd4JTacxRPTW0OgEf2IKYtJ20Rtqpt5Z3saClYcw%3D&xkcb=SoBZ67M3FA1Yw-ySxR0HbzkdCdPP&fccid=307bf09563af9575&cmp=Algorithma-Digitech-Pvt-Ltd&ti=Python+Developer&vjs=3
179,Blockchain Developer (3+ years),False,['i> <li>3+ years'],https://in.indeed.com/rc/clk?jk=e67799da6839eb0e&bb=TVXawZurc3-xLNgCAS0nX4Z3DM6UpJpy2xoEPAoGypH2D7XH4K9PlP710kDKeyTK9Uylw-p9Oon6Y8RVRfryXoEFoJVB95K3DVatW0cQQ1o%3D&xkcb=SoDt67M3FA1Yw-ySxR0GbzkdCdPP&fccid=21f8d5ea38a021c3&cmp=CoinFantasy&ti=Developer&vjs=3
180,"Software Engineer, Frontend Developer - India",False,[' <li> 3-8 years'],https://in.indeed.com/rc/clk?jk=f3f0a2c0bf99e6ec&bb=TVXawZurc3-xLNgCAS0nX3bRj9p_tENjTrxYU4vKsiZItTXIzBJ9soxoNSdPokPvJFWsS0aIC4eAYwBhywpowyMLqaggkUQWrHD6LaDDijw%3D&xkcb=SoBw67M3FA1Yw-ySxR0FbzkdCdPP&fccid=3781128e175fad79&vjs=3
181,Python Developer,False,['ience: 3+ years'],https://in.indeed.com/rc/clk?jk=056a243391278e7e&bb=pLafhwc1HW02AqWj4WCtv_MkI2R58WVKt-6G05W_eQ5TyT4BJ7UJgEYAhiK1OXdsVeOxTHo-IFVUK1nVu5nLi24f0UM7BVIIzuMm_gA_7JQ%3D&xkcb=SoAu67M3FA1R0uwHMB0LbzkdCdPP&fccid=18b477ea407ef23b&cmp=CyntraLabs&ti=Python+Developer&vjs=3
182,Senior Software Engineer - Python,False,"['strong 6+ years', 'around 6+ years']",https://in.indeed.com/rc/clk?jk=e58be710d0610292&bb=pLafhwc1HW02AqWj4WCtv1NXx1Wn7lBamGICxi4WMrYC8ZkEFckiLupdz6TJMlb6RgKpb_Svr21wA3nQjicoRcrVeXaOhxybqup7jfcyYc4%3D&xkcb=SoAH67M3FA1R0uwHMB0JbzkdCdPP&fccid=48338f040b64f353&vjs=3
183,Software Developer - Full Stack,True,"['e:</b> 2+ years', 'imum of 2 years', 'm last 15 years', 'l work: 2 years']",https://in.indeed.com/rc/clk?jk=5ccc9f7e5877f1de&bb=pLafhwc1HW02AqWj4WCtv3_f6uqlcuQTgW5qKndrw4pUCH4sjjn6cKBM5QHcz7n0x5JA9mbN6gt61LGKQbk8CR20aH0HElXXFYZWlLHpvSo%3D&xkcb=SoCz67M3FA1R0uwHMB0IbzkdCdPP&fccid=c2f9f257b74802bb&cmp=Zenmonk&ti=Full+Stack+Developer&vjs=3
184,Python API Developer,False,"['python: 3 years', 'l work: 5 years']",https://in.indeed.com/rc/clk?jk=c524033ba79e531b&bb=pLafhwc1HW02AqWj4WCtv83kNWSEpMy0OfT57XBDmq2VFhiiBjMZYM8oKiyQDcW_L5vy4NAN-63d-9_hURp3kOgHMCHKaC4HVyZEXlglZ6U%3D&xkcb=SoA967M3FA1R0uwHMB0PbzkdCdPP&fccid=636693a1354fae5c&cmp=Websar-Technologies-LLP&ti=Python+Developer&vjs=3
185,Sr. Python Developer,False,"['python: 3 years', 'l work: 4 years']",https://in.indeed.com/rc/clk?jk=d6c5621d52be0180&bb=pLafhwc1HW02AqWj4WCtv2RPIIpMHCny0kVBLCPXDL4QAUlT-v5h-X8UOEkSErLvC15D_sdd6EMvHt-kq8uqTFHrTXffSaR7xc3LtmtsCBc%3D&xkcb=SoCJ67M3FA1R0uwHMB0ObzkdCdPP&fccid=cbe4de07e5e99189&cmp=C-Prompt-Solutions-Pvt-Ltd&ti=Python+Developer&vjs=3
186,Website Developer,False,"['li>css: 3 years', 'l work: 3 years', '>html5: 3 years']",https://in.indeed.com/rc/clk?jk=d16211a7df3e1315&bb=pLafhwc1HW02AqWj4WCtv-dfKLPeSD3aV--gb22SkkMsLuVR-FzNnnVsXyAKRiNAIB-jaMY1ymBAn86IFqbquh1psiaBfMDllWbAywHj9hw%3D&xkcb=SoAU67M3FA1R0uwHMB0NbzkdCdPP&fccid=6a054b0b67c59777&cmp=Digital-Revolution&ti=Web+Developer&vjs=3
187,Sr Data Scientist,False,"['inimum 9+ years', 'ce: 9 -12 years', 'lytics: 9 years', 'on/sql: 6 years']",https://in.indeed.com/rc/clk?jk=6ee58534755cb402&bb=pLafhwc1HW02AqWj4WCtvyKdGKBZuZMPkowKYNYpOLsj9cm9S-TVstNISJ3MejczlnjkdbGCW51Ivqu37AMBe_rfHua4R4EZUoaho5qIzAA%3D&xkcb=SoCg67M3FA1R0uwHMB0MbzkdCdPP&fccid=0a420069a8b9978f&cmp=Global-Employees&ti=Senior+Data+Scientist&vjs=3
188,Cloud Software Development Engineer,False,['eld. - 6+ years'],https://in.indeed.com/rc/clk?jk=8b51adee403a4da1&bb=pLafhwc1HW02AqWj4WCtvwSu2ftEawZ2EZPTzAaFwz58YKxVgLpKZXL4ViSdQJoV47GgbOftwAHtMh9KoJjtRExQdkzOi2dQO21S6fjq1Es%3D&xkcb=SoBJ67M3FA1R0uwHMB0DbzkdCdPP&fccid=936367796261bd6e&vjs=3
189,Lead Tableau Developer,False,"['e than 15 years', ' have 3-4 years', 'rall 8-10 years', 'least 6-7 years', 't least 6 years']",https://in.indeed.com/rc/clk?jk=ed1d54334927ba81&bb=pLafhwc1HW02AqWj4WCtvwmWiFTeSwrhaEUzT6RViAYj9JGoyFsHctb5INoRsEu8EydzMxuYvBsuNxiFzRVVbmdoR1-8jT4PAObYNAWj_6s%3D&xkcb=SoD967M3FA1R0uwHMB0CbzkdCdPP&fccid=39e7cc3fd9e2cd7d&vjs=3
190,Robotics Engineer,False,"['h over 5+ years', 'minimum 5 years', '>sales: 3 years', 'l work: 6 years']",https://in.indeed.com/rc/clk?jk=d57fdc74a5b7fa83&bb=pLafhwc1HW02AqWj4WCtvwSu2ftEawZ2qVctwoZh2-LqjnEP_eD9s51prDEwET0bCWOcFymBWQ9k2cO1Rw28NsQi-gobRMhjrK2P-Ejke3E%3D&xkcb=SoBg67M3FA1R0uwHMB0BbzkdCdPP&fccid=4d5a9fdc19ad17cd&cmp=Robotix-Learning-Solutions-P-Ltd&ti=Robotics+Engineer&vjs=3
191,Python/Django Developer,False,"['> <li>5-8 years', 'django: 4 years', 'python: 4 years']",https://in.indeed.com/rc/clk?jk=a5414ee0ded4db3d&bb=pLafhwc1HW02AqWj4WCtv-iLwwVAY_pNQyZaZGoPvcwNZkZjURTq5ZZ7DyxsBnjv_ft9gA0_P6QUSmLST2dQmIq9408H1HzXZ7OOZWt3xF0%3D&xkcb=SoDU67M3FA1R0uwHMB0AbzkdCdPP&fccid=465f7b5a204f6cfd&cmp=Habilelabs-Pvt.-Ltd.&ti=Python+Developer&vjs=3
192,Site Reliability Engineering Professional,False,"[' past 180 years', 'l> <li>4+ years']",https://in.indeed.com/rc/clk?jk=3bfe6a4e7cf8b40a&bb=pLafhwc1HW02AqWj4WCtv2RPIIpMHCnyF6cFdI5AdIYR-7YPvVvcYz1UKOJcGYo7-ctgmR7kRV9R5YYJlhnzrA6LIKhmKlnuli34NZqlqPQ%3D&xkcb=SoBa67M3FA1R0uwHMB0HbzkdCdPP&fccid=cf59e8192e82b340&vjs=3
193,Cloudera Data Platform-Application Developer,True,[],https://in.indeed.com/rc/clk?jk=a011355a0b8416fa&bb=pLafhwc1HW02AqWj4WCtv_s23n0Kg5_LKFEWyPLB9hHmaZkoajGc88vvIkfjnBCad2RCzOlGYfHp6Ad6ykuGEJUQo9L2Z3cCZougdje9V6E%3D&xkcb=SoDu67M3FA1R0uwHMB0GbzkdCdPP&fccid=a4e4e2eaf26690c9&vjs=3
194,NLP Engineer,True,['gineer: 2 years'],https://in.indeed.com/rc/clk?jk=64e5b051044b0937&bb=pLafhwc1HW02AqWj4WCtvz95NfSbIq334EbHLLB7T9KRjYA0iwQ103WmS5xauYm7pyp8-3M-73uNuOYQik86bLDu7ov4v-XDJFlv1bQjbIY%3D&xkcb=SoBz67M3FA1R0uwHMB0FbzkdCdPP&fccid=971ff49082caa6b3&cmp=Binary-Infoways&ti=Engineer&vjs=3
195,"Python, PHP, Ruby on Rails Developer",True,[],https://in.indeed.com/rc/clk?jk=95770281e76b6fd7&bb=pLafhwc1HW02AqWj4WCtv_s23n0Kg5_L4agqqUKQEABWO51g_sthjKth-BPa9gTw_nZ1waaM04YyYUVUAbh3sU6C9mCvXilqV5qXJ3537fg%3D&xkcb=SoDH67M3FA1R0uwHMB0EbzkdCdPP&fccid=14ad448207053918&cmp=Devzila-LLC&ti=Ruby+On+Rails+Developer&vjs=3
196,Full Stack Lead (ReactJS/NodeJS/SQL),False,"['> <li> 6+ years', 'teams, 2+ years']",https://in.indeed.com/rc/clk?jk=69844b9dff67dd65&bb=eRdHlRC7Bs9p0TWZ69cUOfy8-AEWnf1CIK6grR8kzFLbWPakZAHDxQsyFt26VKOzILQ2PzewLZll6GdPuqJroG4jDppV-7UQ3RJThw6AHh8%3D&xkcb=SoDz67M3FA1qicgMJL0LbzkdCdPP&fccid=683f563b5cc25b70&vjs=3
197,DevOps Engineer (DevOps/Terraform/AWS),False,['> <li> 6+ years'],https://in.indeed.com/rc/clk?jk=7596b8929744aa48&bb=eRdHlRC7Bs9p0TWZ69cUORkEhbo-q7aotD_y_30eNm_cGk1xq9jGTlX4dvfw7hTldPKz7IRkfUd3oX4cWBguz0Yjvr7vEWABcF6ClZSWQPw%3D&xkcb=SoBH67M3FA1qicgMJL0KbzkdCdPP&fccid=683f563b5cc25b70&vjs=3
198,Sr Mgr Site Reliability Engineering,False,"['teen (14) years', ' five (5) years']",https://in.indeed.com/rc/clk?jk=98b6ff5bfe79c538&bb=eRdHlRC7Bs9p0TWZ69cUOT0W05gQDePrDI7bhkpK06Fk8nUlht8liuuTk2VPjcxowAe7FbdvG9q_qm-_-cebrudhV2lLljIXqmss-01NZfw%3D&xkcb=SoDa67M3FA1qicgMJL0JbzkdCdPP&fccid=796b5a2c2fc5984d&vjs=3
199,Lead Consultant Python Developer,True,[],https://in.indeed.com/rc/clk?jk=f16940593bb11b5c&bb=eRdHlRC7Bs9p0TWZ69cUOXta8nCAMbu3AN0heTcH9XXrQU9IuvwpKkdvXaLBe_3EevoPCpntigm1JYjljddVsZml_1cFavnPjx9IJTQfWwU%3D&xkcb=SoBu67M3FA1qicgMJL0IbzkdCdPP&fccid=afe30394bfba1470&vjs=3
200,Python Developer Intern,True,['> <li>0-2 years'],https://in.indeed.com/rc/clk?jk=ec7748745bf5006e&bb=eRdHlRC7Bs9p0TWZ69cUOa_522JCUqGLmJIv57HGPkLb3jcr5WrpDwDJ7RmzigoHb9ijrtsjyYmSWt6J_MOKHy2bElhpCslbw2XjbOGeedI%3D&xkcb=SoDg67M3FA1qicgMJL0PbzkdCdPP&fccid=a26c125ac030bf3a&cmp=STORILABS-SYSTEM-TECHNOLOGIES-LLP&ti=Python+Developer&vjs=3
201,Python Developer,True,[],https://in.indeed.com/rc/clk?jk=012f0ed6ed3a64ab&bb=eRdHlRC7Bs9p0TWZ69cUOVqmNxTpK8IyTiOMoaBvMZgwPTCrk26YVQnQc2fXBui9LQMyogxQmWfwnlHYLaw7P2D0YISGQ6qiZQAlmnzMsOI%3D&xkcb=SoBU67M3FA1qicgMJL0ObzkdCdPP&fccid=7c1c1909f79f99cf&cmp=Feather-HR-Solutions&ti=Python+Developer&vjs=3
202,Senior Member of Technical Staff - C/Linux,False,"['s for ten years', '>7 to 10+ years']",https://in.indeed.com/rc/clk?jk=3f87767552ec1e16&bb=eRdHlRC7Bs9p0TWZ69cUOYKnEOJY1SzgR2XAFXxmIFQv7atJPYwquqG3RjGsxaGf8oGgzTdDMLEGRgoOsNGsiojpSB9TQ8O2OW2_ELEDNb4%3D&xkcb=SoCq67M3FA1qifAMJL0LbzkdCdPP&fccid=cd22d01053af7669&vjs=3
203,Microsoft Azure Data Services-Application Developer,True,[],https://in.indeed.com/rc/clk?jk=d34195247afdbfde&bb=eRdHlRC7Bs9p0TWZ69cUOdRzs49QxOz2jMChJgaUKo3CDCAMgJGmr_FfBAwxpTMOrySLxjD9rPVHR2ROSighGZSM0vMhfVUJaNbrQQT2ReQ%3D&xkcb=SoAe67M3FA1qifAMJL0KbzkdCdPP&fccid=a4e4e2eaf26690c9&vjs=3
204,Full Stack Technologist,False,"[' than 300 years', 'li> 8-10+ years']",https://in.indeed.com/rc/clk?jk=61bd89050fe0431d&bb=eRdHlRC7Bs9p0TWZ69cUOe1CWp_sm399V7QUqga2NJInRLv2XrmAGoHbhec21q-1CVksfVXVByvAHwdK7j814hkXEW_AWK701YvTYqwHUNA%3D&xkcb=SoCD67M3FA1qifAMJL0JbzkdCdPP&fccid=2d181105260f6454&vjs=3
205,Full Stack Developer,True,['ound 2-10 years'],https://in.indeed.com/rc/clk?jk=c014304ca90a3b53&bb=eRdHlRC7Bs9p0TWZ69cUOX5KBTxzMfU8rjoq7UdiW_VJW2s50q2CzewupA4j8QYXMEyQJp4wZyEgw-n8ELApG-dju0AlknhipCdDqU1msx4%3D&xkcb=SoA367M3FA1qifAMJL0IbzkdCdPP&fccid=3ad8b4f6d4bfd022&cmp=Event-Beep&ti=Full+Stack+Developer&vjs=3
206,QA Engineer,True,[],https://in.indeed.com/rc/clk?jk=6a7c342dd1f4794b&bb=eRdHlRC7Bs9p0TWZ69cUOdRzs49QxOz2H5R2Q9xVqCAxiDlBlHK0I8RKc1h2h8kS7nxvh7Ld3eaGoCduCr_pHaoOh0rvXfIyR1Qr82cJk10%3D&xkcb=SoC567M3FA1qifAMJL0PbzkdCdPP&fccid=60e07a5cfb878d36&cmp=Snapmint&ti=Quality+Assurance+Engineer&vjs=3
207,Full Stack Developer,True,"['hiring 10+yrs', 'ence - 10+yrs', 'ation: 10 years', ' work: 10 years', 'agile: 10 years']",https://in.indeed.com/rc/clk?jk=976310099e4491eb&bb=eRdHlRC7Bs9p0TWZ69cUOWSdZGTr8NIx0ZWVICzlb7F9TNy_hT_nNcY0N_GhIKRFHNc-ssYqRsumLMTV643gbVVM93fmidmTSd0xg2QVe48%3D&xkcb=SoAN67M3FA1qifAMJL0ObzkdCdPP&fccid=d66458f305c11022&cmp=SH-Square-Consultants&ti=Full+Stack+Developer&vjs=3
208,Sr. Python Developer,False,"['python: 3 years', '>flask: 3 years']",https://in.indeed.com/rc/clk?jk=ab041bc546c4831f&bb=eRdHlRC7Bs9p0TWZ69cUOaBqI5GC5FnqQuL9bdYOsjtTMcvnUWB14xJ_HvALeeVr9Aj8xe0HfUeWO1E4i6xRF0e2Crm6BAOXxN9NuBkTAh8%3D&xkcb=SoCQ67M3FA1qifAMJL0NbzkdCdPP&fccid=95e89029f1e88954&cmp=BitCot-Technologies&ti=Python+Developer&vjs=3
209,Sr. Software Engineer,False,"['0 to 8.00 years', ': 5 to 7+ years']",https://in.indeed.com/rc/clk?jk=8227ed000df407f5&bb=eRdHlRC7Bs9p0TWZ69cUOZaH4nfFZJfewKUW1Rl56FGjXnvK7FOrHrVzkoHqNT6mQF9mUmCJNs2aBxrEZ7cYn6y1pWGjxMOwq2PWVxOA4rk%3D&xkcb=SoAk67M3FA1qifAMJL0MbzkdCdPP&fccid=97299926ef79b544&vjs=3
210,Backend Developer trainer,True,['r: 1 to 3 years'],https://in.indeed.com/rc/clk?jk=c005cafe066b94db&bb=eRdHlRC7Bs9p0TWZ69cUOevOYtPpI-FM-CaNLuX37-rcWXui97jFfxwBOlJQUjW9jbHCDb5gM0ej-2VE-yJiIRTE5gJaumJEHX4UbaM8VHo%3D&xkcb=SoDN67M3FA1qifAMJL0DbzkdCdPP&fccid=6c62babe5d0c273e&cmp=Optical-Arc-Pvt.-Ltd.&ti=Back+End+Developer&vjs=3
211,Junior Java Developer,True,['> <li>0-2 years'],https://in.indeed.com/rc/clk?jk=8f9384010594624a&bb=0MakQEeyWz4cfSy_Vll8G-jhzRwwatIw6PI8SpVLyKbr6y7NbIGmh_S__vhdXq9ejLS6AnMu-MdsXN1KDsEq2mQaC6yjQnE1EGeUaNcUSGc%3D&xkcb=SoDW67M3FA1jymyS5Z0LbzkdCdPP&fccid=0ee9142f9276aabf&cmp=retailcloud&ti=Junior+Java+Developer&vjs=3
212,Python Developer,True,[],https://in.indeed.com/rc/clk?jk=f0f7f9288c3f6840&bb=0MakQEeyWz4cfSy_Vll8G2OGRaPeemXEVWo1TF2Ny2mbj7mB6lCLmlXy-oKuT2M6E4nDLP3rGyHluWEYwe0ABFuU4kQ9LPIHVCsgB2K28So%3D&xkcb=SoBi67M3FA1jymyS5Z0KbzkdCdPP&fccid=8d3b1da4a9829b7d&cmp=21-Wayout&ti=Python+Developer&vjs=3
213,Sr Machine Learning Quality Engineer,False,"['l> <li>5+ years', 'ree; or 3 years']",https://in.indeed.com/rc/clk?jk=72611e18c8fb403d&bb=0MakQEeyWz4cfSy_Vll8GzbvlIZ75_i3E9L8Q1o2rRH4WclI5OaUpEpSRkSa8WmCE312OiPmp5N48Jke2qAPIB5QGAThXKtC046_yTtT7FY%3D&xkcb=SoD_67M3FA1jymyS5Z0JbzkdCdPP&fccid=7442885bc0fa7c14&vjs=3
214,Software System Architect for Automotive Programs,False,"['ices � 5+ years', 'ments� 3+ years']",https://in.indeed.com/rc/clk?jk=952fb8da591d745f&bb=0MakQEeyWz4cfSy_Vll8G56bwxBIoMSdKL8xASOMrq7OS1X4kmlHyLeEWmBgnFzv35S5gHxmA2wsDs2SBtie_6S-e95Mx4iQxpOPWyaLHrM%3D&xkcb=SoBL67M3FA1jymyS5Z0IbzkdCdPP&fccid=936367796261bd6e&vjs=3
215,Python/Django Developer,True,['/b> 1 - 4 years'],https://in.indeed.com/rc/clk?jk=e7a1ebf19a323054&bb=0MakQEeyWz4cfSy_Vll8G9efETVsslPRGn9t-dhDjY7z_90GPBX4Rt9LP3LAjZJgNt4zpJstBFurzTuP0O9AlPhgnSxOdeK8TBc44Esddt8%3D&xkcb=SoDF67M3FA1jymyS5Z0PbzkdCdPP&fccid=368ff3155e33c30d&cmp=igeek&ti=Python+Developer&vjs=3
216,Sr. Python Developer,False,"['python: 3 years', '>flask: 3 years']",https://in.indeed.com/rc/clk?jk=ab041bc546c4831f&bb=0MakQEeyWz4cfSy_Vll8G9sYiI8tf8RvVyuPD2AWkb4hpr6NHgH3AlwKG-E2Lze1Ro46fcl5EyvwOGGPpXr9f3rFYvNUl7fSxPO8hsHhQN4%3D&xkcb=SoBx67M3FA1jymyS5Z0ObzkdCdPP&fccid=95e89029f1e88954&cmp=BitCot-Technologies&ti=Python+Developer&vjs=3
217,Sr. Snowflake Developer - SCIT,False,['i> <li>7+ years'],https://in.indeed.com/rc/clk?jk=d09b8fe630827a34&bb=0MakQEeyWz4cfSy_Vll8GxAcV8bFtCjzeqSGSrMSDoiB58uflKTYcciqxcUCGTwGo6R_O7BFGqWKd9OCwmnW-txwVojDjIuWRnRZBuELPso%3D&xkcb=SoDs67M3FA1jymyS5Z0NbzkdCdPP&fccid=936367796261bd6e&vjs=3
218,Full Stack Python Developer,False,"['t least 5 years', 'ngular: 3 years', 'l work: 3 years', 'i>java: 3 years']",https://in.indeed.com/rc/clk?jk=41bc9d4f648111de&bb=0MakQEeyWz4cfSy_Vll8G0WxIjT-RYzDO14k5lZ2m5teQJ1ibJ1d91ml_M5rMpgsc9bqkATt4wF2wrb3fbX0k59YRXbqWQbFu5GNHpYjcvw%3D&xkcb=SoBY67M3FA1jymyS5Z0MbzkdCdPP&fccid=c8d64c81ac15c3f3&cmp=KonnectNXT&ti=Full+Stack+Developer&vjs=3
219,Students Intern,True,[],https://in.indeed.com/rc/clk?jk=dc67356631fcc063&bb=0MakQEeyWz4cfSy_Vll8Gwi8hrS4EU6tmKy5f_Jwm0PjNkC9IGITPLDj7OD4lusuSnbgn2YX6dLWdod1fIh_PQtkKuagjEsBThpnVAwuRRA%3D&xkcb=SoCx67M3FA1jymyS5Z0DbzkdCdPP&fccid=a311d3f78a9495c2&vjs=3
220,"Sr Architect, Data Development",True,"['mum of 15 years', 'mum of 10 years']",https://in.indeed.com/rc/clk?jk=5005da02e61bedb0&bb=0MakQEeyWz4cfSy_Vll8GyBUNXZNhewoPGKQE380LZq2CXDynk5LPUi8K1nh9O5c_lYO2bdFikS99HwBzGV_SoPrSfOSTlurX_OhE-DoEbU%3D&xkcb=SoAF67M3FA1jymyS5Z0CbzkdCdPP&fccid=663ece44ae074b32&vjs=3
221,Sr. Python Developer,False,"['<li>min 5 years', 'python: 5 years', 'rvices: 4 years']",https://in.indeed.com/rc/clk?jk=d5462a5a77c7787c&bb=0MakQEeyWz4cfSy_Vll8G1Mzc0HQ63fPSsapcxeskQ-1gMkLLeUQWIDxzfy4lxt713erGh0Lgl0Xr0lpUHFxe44j3es4Zh6l1MQ2p22YQPk%3D&xkcb=SoCY67M3FA1jymyS5Z0BbzkdCdPP&fccid=2a3a83d759c53d9b&cmp=Logic-Plum&ti=Python+Developer&vjs=3
222,Senior Test Automation Developer,False,['rough 40+ years'],https://in.indeed.com/rc/clk?jk=6582d9a1f79da0d6&bb=0MakQEeyWz4cfSy_Vll8G6TbtztGfcXS3hjkOZPKrr804ZG3XM5rgP7R4qYsKOx9UvIuxAIKbCFRnazSebdQmmcwNoWYAJsFyVEHXd_QVNA%3D&xkcb=SoAs67M3FA1jymyS5Z0AbzkdCdPP&fccid=cd22d01053af7669&vjs=3
223,Full Stack Developer,True,['ound 2-10 years'],https://in.indeed.com/rc/clk?jk=c014304ca90a3b53&bb=0MakQEeyWz4cfSy_Vll8GwSb-dZxz3AK-LtVpaRWwIn8NTClL7__K-4JmcX5fVCD2S2mwbefKxQ-IfWTzcb6-o5cRhDD-wuzG3zFxjgjYvs%3D&xkcb=SoCi67M3FA1jymyS5Z0HbzkdCdPP&fccid=3ad8b4f6d4bfd022&cmp=Event-Beep&ti=Full+Stack+Developer&vjs=3
224,Senior Matillion - ETL Developer,False,"['uired: 8+ years', 'imum of 8 years']",https://in.indeed.com/rc/clk?jk=92dd8a9c600b53cb&bb=0MakQEeyWz4cfSy_Vll8G8vSTZNCTOExb_Kxy08nkybAUzsBg14_sg4XRS5jXOVD3ro-_g5WXfbuWMjebFYLjVUYjd0O4tESntY3aV5hWuU%3D&xkcb=SoAW67M3FA1jymyS5Z0GbzkdCdPP&fccid=382eb5ff27e10b64&vjs=3
225,Senior Python Developer,True,[],https://in.indeed.com/rc/clk?jk=be056411343cc97c&bb=0MakQEeyWz4cfSy_Vll8G5qPt7cqiQ-eVSCSS9wUOkc5xhvaHkYB7sVMgk2Jvsf6BatlZK22FpQO5jayxw5igIg_d56142CE705L5jsb39Y%3D&xkcb=SoCL67M3FA1jymyS5Z0FbzkdCdPP&fccid=c642a9e13ee8636e&cmp=Zil-Money-%252F-Tyler-Petroelum-Inc&ti=Python+Developer&vjs=3
226,Automation Test Engineer,False,"['i> 3 to 7 years', 'h over 50 years']",https://in.indeed.com/rc/clk?jk=79507b3d65030dd1&bb=lOJc6KTiAu4_3mZ8QrG-okb7W0M-HEHJ2V57OCLkdOxCQ5w6Yu3BRMocmw8q1rKhF7jaqZ3Lo2-iVJdV0CkAU5-eZLfTGUlVKhLokorUNJ8%3D&xkcb=SoD767M3FA18zIgMJL0LbzkdCdPP&fccid=38b4474838e7b7a1&vjs=3
227,Senior Odoo Developer,False,"['l> <li>5+ years', 'ology, 3+ years', 'python: 3 years', 'script: 3 years', 'li>xml: 3 years', 'i>odoo: 3 years']",https://in.indeed.com/rc/clk?jk=7292ec3f95acac26&bb=lOJc6KTiAu4_3mZ8QrG-olQT04Gilo5o3QvqkvFdXSx4KIDSWcSJDB7vxG-nIJjpfo4D0MmdN5CA2D3J2uwfBe1P2qjNrZl3-dgCj_So7-A%3D&xkcb=SoBP67M3FA18zIgMJL0KbzkdCdPP&fccid=68a3707421a1b449&cmp=New-Horizons-Cybersoft-Limited&ti=Senior+Developer&vjs=3
228,AZURE Data Architect,False,['inimum 9+ years'],https://in.indeed.com/rc/clk?jk=1715f0892b763822&bb=lOJc6KTiAu4_3mZ8QrG-ooLNu1sc_wxOB4OlPaRjrCUjTtsjef0K0KwCJe1NA9jIs-1VWTBPIJE3adxB37fnhx8ej169bBw5PAkyE0I1TmA%3D&xkcb=SoDS67M3FA18zIgMJL0JbzkdCdPP&fccid=c67533a523c83a4c&vjs=3
229,Python/Django Developer,True,"['python: 2 years', 'l work: 2 years']",https://in.indeed.com/rc/clk?jk=b8ecc628853a3e2e&bb=lOJc6KTiAu4_3mZ8QrG-opgn2rHnf054CaCitIeyDKtIHvV7dBC5K1Rfh_1P7rQ-4IwolXa5B-8OA73UjB7stdRcV92kYs0swGAaQpv3S6k%3D&xkcb=SoBm67M3FA18zIgMJL0IbzkdCdPP&fccid=f9ebebf8ef562ae6&cmp=Thecloudtree&ti=Python+Developer&vjs=3
230,3 - Full Stack Cloud Developer,False,"['ience : 5 years', ' – 5 to 8 years']",https://in.indeed.com/rc/clk?jk=2a94414c553095bd&bb=lOJc6KTiAu4_3mZ8QrG-onlgievkTP_4WLKKtN60DncUVPzafiUMji71oHwjfRKJdEnen61fn8i-5PuiEWMuClAf4Z8yxqkGJwpjvNUVLtE%3D&xkcb=SoDo67M3FA18zIgMJL0PbzkdCdPP&fccid=71730634cc68bf43&vjs=3
231,Sr. Python Developer,False,"['level: 4+ years', 'n with 4+ years', 'python: 4 years']",https://in.indeed.com/rc/clk?jk=91e8dbb334d158b6&bb=lOJc6KTiAu4_3mZ8QrG-oqFmhFl71NmXdGHJ_nARtB10C079fEovfPe-r3mtd1YUc-V1olYhPg5mt2ZShbQ8tHHk9OBhKnqwjKN0tk0Dh_M%3D&xkcb=SoBc67M3FA18zIgMJL0ObzkdCdPP&fccid=3c0bc4310f3d4a45&cmp=Tops-Infosolutions-Pvt-Ltd&ti=Python+Developer&vjs=3
232,"Engineering Manager, Access Security Foundations",False,"['li> <li>8 years', 'li> <li>3 years', 's, with 2 years']",https://in.indeed.com/rc/clk?jk=34ef22dee89c03d7&bb=lOJc6KTiAu4_3mZ8QrG-ojDpSkaJwraDpEyA8lseCEQhCM859bZPAZXqgFx8WLoR85jAxodJv7enQREnDkbtM-henZQN4WikXP7nYR01oRc%3D&xkcb=SoDB67M3FA18zIgMJL0NbzkdCdPP&fccid=a5b4499d9e91a5c6&vjs=3
233,"Microservices, Spring Boot, Python - Back End Developer",True,"['<b>1 to 6 years', 'um of 1-6 years']",https://in.indeed.com/rc/clk?jk=2120119d2935cd6e&bb=lOJc6KTiAu4_3mZ8QrG-ohibfAvJOEgdRhd2_65MEIcqLjBiQgucvev7qQ50Aa7uMDx9i1yLKXGW3duEG8KpBKrSNlX1LDo_HWGPf7S4sHE%3D&xkcb=SoB167M3FA18zIgMJL0MbzkdCdPP&fccid=b2356cc76866ec18&vjs=3
234,BI IBM Datastage Developer,True,[],https://in.indeed.com/rc/clk?jk=f8d9036a1d4c7481&bb=lOJc6KTiAu4_3mZ8QrG-ohGFxvu9RtEsRPkE2_0-V6NAgTIR0u0bDVXGg6cCgJHjRyUPg3cmf7gsMQQBmN6IrFRv9QUC3FWmiAY6k4LEXcA%3D&xkcb=SoCc67M3FA18zIgMJL0DbzkdCdPP&fccid=d9b9208177142548&vjs=3
235,ETL developer,True,[],https://in.indeed.com/rc/clk?jk=ed1afe5139653d04&bb=lOJc6KTiAu4_3mZ8QrG-ooj4N6rysWmAPcjxqmwk3FrNtfLaNZ9ipG0ymsVXmGv8BeQTWdREZV4lPQvJMYbqQeG0IrbtwbRe2DeFc0rkt3c%3D&xkcb=SoAo67M3FA18zIgMJL0CbzkdCdPP&fccid=3868859e1c2511c6&vjs=3
236,Principal Software Engineer,False,"['> <li> 8+ years', '> <li> 5+ years', '> <li> 5+ years', 'ld and 8+ years', 'ld and 6+ years', 'every two years']",https://in.indeed.com/rc/clk?jk=a963925ffebf9606&bb=lOJc6KTiAu4_3mZ8QrG-orVK0yJQWBg-wIt85qERH_sNwnYv1UPw186Xm1YGO8O5x2tshN_KGR0GK8cJtOQIxSO5EyrYNqS0aMxnR4U5Vpw%3D&xkcb=SoC167M3FA18zIgMJL0BbzkdCdPP&fccid=734cb5a01ee60f80&vjs=3
237,Software developer,True,[' <li> 1-3 years'],https://in.indeed.com/rc/clk?jk=899c97adbe013edc&bb=lOJc6KTiAu4_3mZ8QrG-omH23Iug4sMepD-oDuYzrmuoJi3Z95JkmHE57wQmI1WMF7sCUJD0d9sXFGPFLkc0ULzdbhSFlah6WfUTU4JcitU%3D&xkcb=SoAB67M3FA18zIgMJL0AbzkdCdPP&fccid=de71a49b535e21cb&vjs=3
238,Senior Python Developer,False,"['ired - 5+ years', 'i> <li>5+ years']",https://in.indeed.com/rc/clk?jk=e2e603bd73bc2a4d&bb=lOJc6KTiAu4_3mZ8QrG-otY4ryGPRIwSK-AiP2AtOK4R7RvkfrfPXXysB7IBLC0iuohhwH1qTmtE6BWSSLDjpUv4Ug20nt4JmRySodMFxtU%3D&xkcb=SoCP67M3FA18zIgMJL0HbzkdCdPP&fccid=5538896c0c0a1ebb&vjs=3
239,Aircraft Delivery - IT Technology Specialist,False,[' with 4-6 years'],https://in.indeed.com/rc/clk?jk=20d38b8877194281&bb=lOJc6KTiAu4_3mZ8QrG-otPll6gKwDZQSTaJG7tu22kYBskwIGgvPQXn0wcSlTmF3Qq4dLo2MZzF02AVOVNtHhylFx0qHzgecw8x-h-Sc1o%3D&xkcb=SoA767M3FA18zIgMJL0GbzkdCdPP&fccid=2d0740e02e80cf22&vjs=3
240,Software Developer / Project Leader,False,"['> <b> 5-8 yrs', 'than five years']",https://in.indeed.com/rc/clk?jk=f660277656dfa363&bb=lOJc6KTiAu4_3mZ8QrG-ogioxySPz8KhP2kdqDv5Mcyj4Q45RqZ5eYGK3e6deUlCg8-uxu3ZGsM5QOqE3GLYO1ntH8IveQmi3YU4MnokSRc%3D&xkcb=SoCm67M3FA18zIgMJL0FbzkdCdPP&fccid=df4303b9957be85e&vjs=3
241,Python Developer,True,[],https://in.indeed.com/rc/clk?jk=380eb13816b41e94&bb=xrP-fYFCY7bB8mliYw8mjesFkZSUsvM3XjmxipO4QfUUFQTiU8elwbzW0Mt9Wwxm27HN944cqhTcGepxlaq9TU8x0g-lvBDTnphaeC585vM%3D&xkcb=SoBT67M3FA12cDAGEL0NbzkdCdPP&fccid=bdb52577c0700772&vjs=3
242,Automation Test Engineer,False,"['i> 3 to 7 years', 'h over 50 years']",https://in.indeed.com/rc/clk?jk=79507b3d65030dd1&bb=xrP-fYFCY7bB8mliYw8mjaX-HdGVdObqywu88vbm7QRjfbtq7hE3UGH3nTDSW5efAn4fk65ynKlYmWt_WGCs5IUKrU5kpybaFsU2GXLd3xg%3D&xkcb=SoDn67M3FA12cDAGEL0MbzkdCdPP&fccid=38b4474838e7b7a1&vjs=3
243,Python Developer,False,"['th 3 to 5 years', 'python: 3 years']",https://in.indeed.com/rc/clk?jk=cf4aef1517c7ce1d&bb=xrP-fYFCY7bB8mliYw8mjYzvyzuyyNohkfAN7iFA0yQjAls9VYwjc1vr4UxRfRdQoZ2tpFZt4lluLGqZctX05iAnLWdfuxFbmqKvDTmdiUY%3D&xkcb=SoAO67M3FA12cDAGEL0DbzkdCdPP&fccid=07db03015b0b5f1d&cmp=W2S-Solutions&ti=Python+Developer&vjs=3
244,Senior Full Stack Developer,True,"['l work: 2 years', 'opment: 2 years']",https://in.indeed.com/rc/clk?jk=0e7f68e1cb25105c&bb=xrP-fYFCY7bB8mliYw8mjTidPITMJGeoowmRry7Bfg-bt7YG8Rg054bukqTIKsZntQbFIzpKDDnKCzeuaLZq6PUT94NRVkRu_g6Chrrzc6Q%3D&xkcb=SoC667M3FA12cDAGEL0CbzkdCdPP&fccid=101772a04e3ebfab&cmp=Coral-Innovations-Private-Limited&ti=Full+Stack+Developer&vjs=3
245,"R&D Senior Member of Technical Staff, System Test",False,"['nce of 7+ years', 'minimum 3 years']",https://in.indeed.com/rc/clk?jk=f45bf4a17583ac19&bb=xrP-fYFCY7bB8mliYw8mjY8LLJwc07-O5Tf3jayebb8p84KUlXzvNaUJZIoLeIyUqKZ3ZMBn6I0HftEgkWVCnon8kLVAf0MBDi1VtBlnJcY%3D&xkcb=SoAn67M3FA12cDAGEL0BbzkdCdPP&fccid=9fbd8c2a46aec52a&vjs=3
246,Sr BI Developer,False,"['> <li> 5+ years', '> <li> 5+ years']",https://in.indeed.com/rc/clk?jk=b9d49a91020d6f57&bb=xrP-fYFCY7bB8mliYw8mjWlFhQ28MsHDevRY4kM_vjR1C10X8063sd1TQxymyrd6ZGBcS_NwUvrm05yuPm5t3dfCDEclIaE42C0VQSl__jk%3D&xkcb=SoCT67M3FA12cDAGEL0AbzkdCdPP&fccid=f9af5aebcecd8ef2&vjs=3
247,QAA Engineer II,False,['l> <li>4+ years'],https://in.indeed.com/rc/clk?jk=f748ea5d1d1e65b3&bb=xrP-fYFCY7bB8mliYw8mjXz69WqsVRtHdcdpZMO4Jcb_G4wnMqYjoAg-VBMdncd2BgxpfQpIhwinZMGHBnlUrfRHiDh9jLaOugmd-TsZuPM%3D&xkcb=SoAd67M3FA12cDAGEL0HbzkdCdPP&fccid=30d246fbab8703db&vjs=3
248,Quantitative Developer - Commodities,True,[],https://in.indeed.com/rc/clk?jk=26faee85a17e848f&bb=xrP-fYFCY7bB8mliYw8mjeKN9uf-KErO2FvsOIxu1sGL0kBJjlNN2_oEV4CC71oBO5b5qPC1R9VPVKM3F9p6tFkJYdg6V_d-bwj_xTLLbtU%3D&xkcb=SoCp67M3FA12cDAGEL0GbzkdCdPP&fccid=548e0909717a6ddf&vjs=3
249,Senior Developer,False,"['couple of years', '> <li> 3+ years', '> <li> 2+ years', '> <li> 2+ years', '> <li> 2+ years']",https://in.indeed.com/rc/clk?jk=f1e5c10b3721d0c7&bb=xrP-fYFCY7bB8mliYw8mjd8K5YYjwOZXaaKJyooTzk9KP8EIWesT-KhQ-_3LgBt3Go0yKwEGiPJMdtNnWhTl0CU9EDNEteje1JPtwNI-Ohg%3D&xkcb=SoA067M3FA12cDAGEL0FbzkdCdPP&fccid=b374f2a780e04789&vjs=3
250,Technical Architect-Power BI,False,"['noida<br/>years', 'rience-7+ years']",https://in.indeed.com/rc/clk?jk=c3a7100a04f4d391&bb=xrP-fYFCY7bB8mliYw8mjWWCOZWUnAYhfyzT3a9cdNI1YDUCkqVQo8hLJ66zMIEV0-9EU7VvEHpad9KBk5OvJMBPvBW1mpZpyIx6r9_Zv8s%3D&xkcb=SoCA67M3FA12cDAGEL0EbzkdCdPP&fccid=a5ab33b4c743ee68&cmp=Advansoft-International-Inc&ti=Software+Architect&vjs=3
251,Full Stack Developer,False,"['imum of 3 years', 'l work: 3 years']",https://in.indeed.com/rc/clk?jk=62bb315bcd5fb9c4&bb=xrP-fYFCY7bB8mliYw8mjYQErHC4s1vY8QUAMOCdLSbCbcyhaMXgn5uw2QSCpu1TFjJrv0d-j68OxPmDPoLge4OUr_VnMMVtfpaRMwshvVQ%3D&xkcb=SoCn67M3FA12cDAGEL0bbzkdCdPP&fccid=62074cabcc5c06e0&cmp=F%28x%29-Data-Labs-PVT-LTD&ti=Full+Stack+Developer&vjs=3
252,Full Stack Developer,False,['li><b>5-9 years'],https://in.indeed.com/rc/clk?jk=76d39628d39f5c42&bb=xrP-fYFCY7bB8mliYw8mjfC94DrqOR5ZXBgj_dR3pxrH3GiGvsdv7K5pXM6iOH3K1Px7RTwMy0SGI8s_sdLecYJ7ojYR6vHobiAytnGy1Qw%3D&xkcb=SoAT67M3FA12cDAGEL0abzkdCdPP&fccid=af7e4894f2058327&vjs=3
253,1800_Lead Developer Salesforce,False,"[' <li>8-10 years', 'i> <li>2+ years']",https://in.indeed.com/rc/clk?jk=cb51ea172c5e0c6f&bb=xrP-fYFCY7bB8mliYw8mjYlXQyx-uF35QsIF6RehmbQhwlclL8lYTbJQ1X9TnaIU-m2m5eatWH3S5RHB3m8ION21H9yxuqwuUKLcFvqB4WM%3D&xkcb=SoCO67M3FA12cDAGEL0ZbzkdCdPP&fccid=45deda0109c01fc4&vjs=3
254,QA Lead,False,"['imum of 8 years', 'urance: 8 years']",https://in.indeed.com/rc/clk?jk=17e2189bfb2b007b&bb=xrP-fYFCY7bB8mliYw8mjdJhLaD466qLbIMz5c7T3vWiTDz7F3AArReXTSnVyhV32yU4MLVOSI-2_qXC93aOzNWNpocPK-5eJrbJR-qcp6s%3D&xkcb=SoA667M3FA12cDAGEL0YbzkdCdPP&fccid=10ed57b13a230520&cmp=Goomka&ti=Quality+Assurance+Manager&vjs=3
255,Sr. Engineer - AWS,False,"[' <li> 4-6 years', ' <li> 4-6 years']",https://in.indeed.com/rc/clk?jk=6a365f328a096388&bb=xrP-fYFCY7bB8mliYw8mjdjGfphaJINzHihCwBZOc6oq4eAnh0935DnnUZ77bQjpykmnwrnrIMOKu9zlcSlQfLeM8gd1cDwsu0GtjfD_y8U%3D&xkcb=SoC067M3FA12cDAGEL0fbzkdCdPP&fccid=ed22db47960d00a3&vjs=3
256,Microsoft Robotic Process Automation-Application Developer,True,['inimum 15 years'],https://in.indeed.com/rc/clk?jk=d7ef4a303872fa13&bb=qcFT2zo3PUin3vTd8k4L3u6usacN6DV3R_5duLKTFKCZFlwEC1ywq6OL9fTGFditCLCbzppFL1qcqgiEozsSOx1SgUR-5itfpmyBSIekyLA%3D&xkcb=SoB167M3FA1wOAyFq50LbzkdCdPP&fccid=a4e4e2eaf26690c9&vjs=3
257,Application Software engineer_Door_(Special Skill),False,"['e than 10 years', 'rience 8+ years']",https://in.indeed.com/rc/clk?jk=ed6e42c4d3591a91&bb=qcFT2zo3PUin3vTd8k4L3nSu0xajOj1PhAlK1TweqvVxhyfU7ylOgsQIO55ejXKNnLGwl7a3RK7R5RJPeZ9rVvbv2BHvbShemVDkRGfZrNs%3D&xkcb=SoDB67M3FA1wOAyFq50KbzkdCdPP&fccid=4c2b7ddb804f88c2&vjs=3
258,Software QA Engineer - Automation,False,['> <li>3-6 years'],https://in.indeed.com/rc/clk?jk=a878ed43ddb00931&bb=qcFT2zo3PUin3vTd8k4L3pE1Hot-e4z1fYhTG8eI8jzoZt__Xx4VlllUwwXNzO_fKVF2i7PVKO3mdsZA3bK8ByaTyWiq1feOQRpEzffCksQ%3D&xkcb=SoBc67M3FA1wOAyFq50JbzkdCdPP&fccid=e775ea668c7f9b82&vjs=3
259,Backend Developer,True,['> <li> 2+ years'],https://in.indeed.com/rc/clk?jk=1d5c44cbe7df588c&bb=qcFT2zo3PUin3vTd8k4L3iiaHKSoi4MVqFN1zvVPYgS0L8THzh-sSZsVsYtSK0bEw-YCKB4W1xX0PFkvs204RauY_Bhw2R5Zhu8yZni_Oes%3D&xkcb=SoDo67M3FA1wOAyFq50IbzkdCdPP&fccid=de71a49b535e21cb&vjs=3
260,ADAS Senior System Test Engineer,False,"['       5+ years', '       2+ years', ' <br/> 3+ years']",https://in.indeed.com/rc/clk?jk=91d2bf48b41554b4&bb=qcFT2zo3PUin3vTd8k4L3qhQEqgmH-i0RjkCxwwt3Rmk4OPnMXixggmk7Vur93_JjH24-aqPmZSbU5nLFFZrUPrMXVAcRb0KNRbWO3rRCjk%3D&xkcb=SoBm67M3FA1wOAyFq50PbzkdCdPP&fccid=0f63e537c80f169b&vjs=3
261,"R&D Senior Member of Technical Staff, System Test",False,"['nce of 7+ years', 'minimum 3 years']",https://in.indeed.com/rc/clk?jk=f45bf4a17583ac19&bb=qcFT2zo3PUin3vTd8k4L3ukTNLoB5rgnKR7RHKHPXfmXId091oZb4B0CTnw2iqlLEcTxLkj4vAU_GhANv2r28NZ7WOfU_Khp5fBIsM_-ctI%3D&xkcb=SoDS67M3FA1wOAyFq50ObzkdCdPP&fccid=9fbd8c2a46aec52a&vjs=3
262,QA Lead,False,"['imum of 8 years', 'urance: 8 years']",https://in.indeed.com/rc/clk?jk=17e2189bfb2b007b&bb=qcFT2zo3PUin3vTd8k4L3ipjm7N2n0vg5Wh8w-PQgmDCA26-sMDO_L3A3cE4MgrSFneMoUMpd8vnI17T_6rCEwCYCWGmtdjTPI21YLzXBf4%3D&xkcb=SoBP67M3FA1wOAyFq50NbzkdCdPP&fccid=10ed57b13a230520&cmp=Goomka&ti=Quality+Assurance+Manager&vjs=3
263,Big Data Engineer,False,[' <li> 3-5 years'],https://in.indeed.com/rc/clk?jk=a2a54bdc00a11629&bb=qcFT2zo3PUin3vTd8k4L3n4lnRLoaa0ockF2rV_8ilmz92rBsMkeom-U8to3i6SmPfX9dHXqZPmE4fEPhmowbYk0QecYUEq3sx6gDjJorYM%3D&xkcb=SoD767M3FA1wOAyFq50MbzkdCdPP&fccid=683f563b5cc25b70&vjs=3
264,Sr. Python Developer,False,['python: 3 years'],https://in.indeed.com/rc/clk?jk=e96ae3e4d642a5c1&bb=qcFT2zo3PUin3vTd8k4L3ny2vtKKRzb9KBTwuIKfCFaJ893zveAP8Ev6pfDwScmoWQGTknjSelCJWcKzA70G3W29cfH0DIS31AjFk-UPnoY%3D&xkcb=SoAS67M3FA1wOAyFq50DbzkdCdPP&fccid=0a4a835827661544&cmp=Tricky-web-solutions&ti=Python+Developer&vjs=3
265,Ethernet Bootloader Lead Engineer,False,"['um of 10+ years', 'mory ( 5+ years', 'ager ( 5+ years']",https://in.indeed.com/rc/clk?jk=9448ed3c22c945e0&bb=qcFT2zo3PUin3vTd8k4L3u6usacN6DV3VLlhJSAJJgOs7qFXGkDJlfCnSv5gsOln2jLRUgP__LdV7zvbwbjEWKDm5z-gCfMOp1ZcxQYhLcE%3D&xkcb=SoCm67M3FA1wOAyFq50CbzkdCdPP&fccid=4b841d912d46e4fd&vjs=3
266,Principal Software Engineer,False,"['> <li> 8+ years', '> <li> 5+ years', '> <li> 5+ years', 'ld and 8+ years', 'ld and 6+ years', 'every two years']",https://in.indeed.com/rc/clk?jk=a963925ffebf9606&bb=qcFT2zo3PUin3vTd8k4L3pfiCYq9pGUqqLTslHrKak06Gqv3sx7i-LAMt_L9xGN-r7fTjdDXok97DmUA7XgSv7V0rrlvG0yiVFp4QFhmPy8%3D&xkcb=SoA767M3FA1wOAyFq50BbzkdCdPP&fccid=734cb5a01ee60f80&vjs=3
267,Python Developer,False,"[' almost 2 years', 'python: 3 years', 'l work: 4 years']",https://in.indeed.com/rc/clk?jk=394c84d3d59fcf8f&bb=qcFT2zo3PUin3vTd8k4L3lWCcngofPZvme6QNuLUOGBHMn-nDxGUu3COsQBMLEpD5S2XM4NIRJXJB6rdOASzBBNmHFJyrAOaQ-SE4UP7wLk%3D&xkcb=SoCP67M3FA1wOAyFq50AbzkdCdPP&fccid=3001a63e4e9ae52f&cmp=Blockchain-Solutions-Network&ti=Python+Developer&vjs=3
268,Developer III - Data Engineer,True,[],https://in.indeed.com/rc/clk?jk=e65c6b77a2c280db&bb=qcFT2zo3PUin3vTd8k4L3s2CGkhuQsHQFuyg9zYjaO4Sheqi-1ZQO6KvmfAh1fkYsleXu15ivecg_Q7OUZCkiN6Z6Bo9141snrGlrSuzQg4%3D&xkcb=SoAB67M3FA1wOAyFq50HbzkdCdPP&fccid=810178099fb1fcbc&vjs=3
269,"Quality Assurance Tech , SFT",True,[],https://in.indeed.com/rc/clk?jk=78207fc55a207c07&bb=qcFT2zo3PUin3vTd8k4L3ttj_odQR9Mhv9GNVOYpvdffMScVBJu04yy0FSb_43QwQQo1DqdkiJ_9P78TlcLV76tSb8VfD2_AlyaxBT9vS14%3D&xkcb=SoC167M3FA1wOAyFq50GbzkdCdPP&fccid=fe2d21eef233e94a&vjs=3
270,UFT Tester,True,"['> <li>2-5 years', 'l work: 2 years']",https://in.indeed.com/rc/clk?jk=dbde33a6de48a796&bb=qcFT2zo3PUin3vTd8k4L3kaK5omL0QhEnE1eeeAWK0zeLSffNf0NHYOmlc8jz6PQg-KvJ_s8jTwKj6yXzYPjeZGbbFFXhv2l5DupLrpONV4%3D&xkcb=SoAo67M3FA1wOAyFq50FbzkdCdPP&fccid=80012af19dde32e0&cmp=SKYLARK-HR-SOLUTIONS&ti=Uft+Tester&vjs=3
271,Middleware Admin,True,[' 10 to 13 years'],https://in.indeed.com/rc/clk?jk=6cf105429f8ca66e&bb=i0vCSulguALkocMvaq5W4XLCYZb6TFT33S9UpkMmc29_iBGKBOAJ-2i7wrQX5ECmEpc0OiuplYlwyaNNTTup3SLr7l_yU1DIwpK1Ke-moB4%3D&xkcb=SoBR67M3FA2I2MSS2p0LbzkdCdPP&fccid=146443e77d8c0778&vjs=3
272,DevOps Build and Integration Engineer,False,['l> <li>4+ years'],https://in.indeed.com/rc/clk?jk=a0bb8c78fd084822&bb=i0vCSulguALkocMvaq5W4VIMehSgQWPuFOG_ZGxCzz3ZJetlkp7LWAfFLiLgFNbhNRFOKvPQArRS2I0bXqOhBzguors_BR9bVEI7My16COk%3D&xkcb=SoDl67M3FA2I2MSS2p0KbzkdCdPP&fccid=c1099851e9794854&vjs=3
273,AWS Developer,False,"['ul> <li>3 years', 'l work: 3 years', 'opment: 3 years', 'mation: 3 years']",https://in.indeed.com/rc/clk?jk=5d4c1d8378f66ecc&bb=i0vCSulguALkocMvaq5W4QoH-Uv25H2JiAL6ENxsfbEvZGumN_b3z8ap-ILql98l0fy3bQ75Wxk8YxwoKsn7LyYyp9P1_jQPSbahHN8Lg48%3D&xkcb=SoB467M3FA2I2MSS2p0JbzkdCdPP&fccid=b8f2d72468b4d891&cmp=Timing-Technologies-India-Pvt-Ltd&ti=Developer&vjs=3
274,LLM Engineer,False,"['s over 20 years', 'p> <p> 5+ years']",https://in.indeed.com/rc/clk?jk=590dac557ae9726a&bb=i0vCSulguALkocMvaq5W4bbkKFOflZYZBgqh_sM5afllIw5KFMINdJm2wWD4nQ76iUhC5ExWqcsYwQloNDr5Xgecra55X270iNsQ3dmLuA8%3D&xkcb=SoDM67M3FA2I2MSS2p0IbzkdCdPP&fccid=ba93ad888f052d55&vjs=3
275,Principal Software Engineer,False,"['> <li> 8+ years', '> <li> 5+ years', '> <li> 5+ years', 'ld and 8+ years', 'ld and 6+ years', 'every two years']",https://in.indeed.com/rc/clk?jk=a963925ffebf9606&bb=i0vCSulguALkocMvaq5W4YBctFv32tdBt5g4WqXBftPakr0ZNLzMrpgfWhKc6ZBFx4-U2-fdC0XxYNJLOGfKRMzgrjWNgIRMo7MvkuZVWoA%3D&xkcb=SoBC67M3FA2I2MSS2p0PbzkdCdPP&fccid=734cb5a01ee60f80&vjs=3
276,Software Developer II - Full-Stack,True,[],https://in.indeed.com/rc/clk?jk=8fffd0b655251242&bb=i0vCSulguALkocMvaq5W4TJz_ew-rePpjBFDAVSMs6EHGKAUc-0lblH0j29iD81SnIymhoQHAdaOWWpiP62YRVAhAQ-9xqT2IxV7hsll0C8%3D&xkcb=SoD267M3FA2I2MSS2p0ObzkdCdPP&fccid=710869a2b4d5c472&vjs=3
277,Cloud Support Engineer (Analytics),True,['mum of 2+ yrs'],https://in.indeed.com/rc/clk?jk=c27015283eac189b&bb=i0vCSulguALkocMvaq5W4aziRPDACbVVx5NsbeVZbBJVbpVOyJ8mtKTzFLTIA5SICdZHHXf4SecGl7Gyz3s3hgWpauX_eN2ShsCfw3298ag%3D&xkcb=SoBr67M3FA2I2MSS2p0NbzkdCdPP&fccid=fe2d21eef233e94a&vjs=3
278,Software Developer,True,[],https://in.indeed.com/rc/clk?jk=b8b4a7a22da30187&bb=i0vCSulguALkocMvaq5W4bNs0suRGQ0bhjuLAF5FDKPqsFWwD6pHxEwBNFk8LE8xBS2ptDYfLeVbpH7PLGlTpSOvztnSE9GKCKFPfV2L3MI%3D&xkcb=SoDf67M3FA2I2MSS2p0MbzkdCdPP&fccid=5f97955cf31e08f1&cmp=RKR-GOLD-PRIVATE-LIMITED&ti=Software+Engineer&vjs=3
279,Developer III - Data Engineer,True,[],https://in.indeed.com/rc/clk?jk=e65c6b77a2c280db&bb=i0vCSulguALkocMvaq5W4QJO_LcD_NH1-8paEy5l3QfbceC-KWtbxkCexwGmzNyf7-N2Pxa4SZhKq9ZYXxB19_3zPQkBFvZ89FYrwimojg8%3D&xkcb=SoA267M3FA2I2MSS2p0DbzkdCdPP&fccid=810178099fb1fcbc&vjs=3
280,Sr Oracle DB Developer/Informatica/Snowflake/Python,False,"[' <p>3 - 5 years', 'ience, 1+ years']",https://in.indeed.com/rc/clk?jk=00bc2039f6542f3e&bb=i0vCSulguALkocMvaq5W4T30Dz5HfRVrv18QiNn7WPBGuNS5HWii1OcWH0p-704stWwtix-IEBg0J0bzKqmhgXVUS6oNKPnFjzUXxUetETQ%3D&xkcb=SoCC67M3FA2I2MSS2p0CbzkdCdPP&fccid=91444a28cb181211&vjs=3
281,Sr Quality Engineer,False,"['li>5 to 7 years', 'rience (5 years', 't least 2 years']",https://in.indeed.com/rc/clk?jk=e8dacbdef62f328c&bb=i0vCSulguALkocMvaq5W4VTKbO8cQdXnsZJYmprxNp8NiyKUwsQXLoaRGO7xQHVtx7qS5Fgu2TmN6C1Wp9qgDRhs25JihAqJka8tofI704k%3D&xkcb=SoAf67M3FA2I2MSS2p0BbzkdCdPP&fccid=de944fd9a81b62b0&vjs=3
282,Professional Services Delivery Engineer - II (IN),True,[],https://in.indeed.com/rc/clk?jk=49c6bd550ae12fee&bb=i0vCSulguALkocMvaq5W4ZQFgBPQ-yTIHoGkjEs6v8uTv6unXXsYvM3iOjq2XXcLu9KR50kSNxiQdG_XOX-5Gro26wphEhrkzMOsymAnOLA%3D&xkcb=SoCr67M3FA2I2MSS2p0AbzkdCdPP&fccid=b60c9324aeb7df96&vjs=3
283,Dataiku Developer,False,['/b> 3 – 6 years'],https://in.indeed.com/rc/clk?jk=1b246622b4f20745&bb=i0vCSulguALkocMvaq5W4R2-r3VTN46MTqPTEbN3y4NrhBg4wQvxLV81wZp97LCyIi-RA-5_5QtvtJAiQEylQzy-teCf5S1Sq56m4PnTxls%3D&xkcb=SoAl67M3FA2I2MSS2p0HbzkdCdPP&fccid=e8b25353b98ebe33&vjs=3
284,Python/Django Developer,False,"['t least 2 years', 'django: 4 years', 'python: 4 years']",https://in.indeed.com/rc/clk?jk=94322fac041ff782&bb=i0vCSulguALkocMvaq5W4Rqq8xC4YAJWiyt_GRUyZ2yAQxBYzKWDALaW-f1HjmEm_DzpemnwsWsDb8n8g0aiFTtfFwmH5vdrrsFQTSRskmM%3D&xkcb=SoCR67M3FA2I2MSS2p0GbzkdCdPP&fccid=465f7b5a204f6cfd&cmp=Habilelabs-Pvt.-Ltd.&ti=Python+Developer&vjs=3
,Automation Test Lead,False,"['. 7 to 10 years', 'n test: 7 years']",https://in.indeed.com/rc/clk?jk=a4b4ad10361d167d&bb=i0vCSulguALkocMvaq5W4Zsjj6QtVFEZhXWRq2-BvPHAAoCgHtZpa1HpC0OI8hHbjormEQVxwoyhr3ZPgWSIEncNRD583apzYl702OUxdLU%3D&xkcb=SoAM67M3FA2I2MSS2p0FbzkdCdPP&fccid=8509d709a3527184&cmp=Aviyana-Venture&ti=Test+Lead&vjs=3
